,name,y_true,y_pred
0,BiLSTM_GAT_FC,3,2
1,BiLSTM_GAT_FC,2,2
2,BiLSTM_GAT_FC,2,2
3,BiLSTM_GAT_FC,2,2
4,BiLSTM_GAT_FC,2,2
5,BiLSTM_GAT_FC,1,2
6,BiLSTM_GAT_FC,2,2
7,BiLSTM_GAT_FC,0,2
8,BiLSTM_GAT_FC,1,2
9,BiLSTM_GAT_FC,1,2
10,BiLSTM_GAT_FC,1,2
11,BiLSTM_GAT_FC,1,2
12,BiLSTM_GAT_FC,0,2
13,BiLSTM_GAT_FC,2,2
14,BiLSTM_GAT_FC,5,2
15,BiLSTM_GAT_FC,2,2
16,BiLSTM_GAT_FC,1,2
17,BiLSTM_GAT_FC,2,2
18,BiLSTM_GAT_FC,2,2
19,BiLSTM_GAT_FC,3,2
20,BiLSTM_GAT_FC,2,2
21,BiLSTM_GAT_FC,0,2
22,BiLSTM_GAT_FC,2,2
23,BiLSTM_GAT_FC,3,2
24,BiLSTM_GAT_FC,2,2
25,BiLSTM_GAT_FC,1,2
26,BiLSTM_GAT_FC,4,2
27,BiLSTM_GAT_FC,1,2
28,BiLSTM_GAT_FC,3,2
29,BiLSTM_GAT_FC,4,2
30,BiLSTM_GAT_FC,1,2
31,BiLSTM_GAT_FC,2,2
32,BiLSTM_GAT_FC,2,2
33,BiLSTM_GAT_FC,3,2
34,BiLSTM_GAT_FC,1,2
35,BiLSTM_GAT_FC,3,2
36,BiLSTM_GAT_FC,4,2
37,BiLSTM_GAT_FC,3,2
38,BiLSTM_GAT_FC,1,2
39,BiLSTM_GAT_FC,4,2
40,BiLSTM_GAT_FC,1,2
41,BiLSTM_GAT_FC,2,2
42,BiLSTM_GAT_FC,1,2
43,BiLSTM_GAT_FC,3,2
44,BiLSTM_GAT_FC,1,2
45,BiLSTM_GAT_FC,1,2
46,BiLSTM_GAT_FC,0,2
47,BiLSTM_GAT_FC,2,2
48,BiLSTM_GAT_FC,2,2
49,BiLSTM_GAT_FC,1,2
50,BiLSTM_GAT_FC,0,2
51,BiLSTM_GAT_FC,0,2
52,BiLSTM_GAT_FC,2,2
53,BiLSTM_GAT_FC,1,2
54,BiLSTM_GAT_FC,4,2
55,BiLSTM_GAT_FC,3,2
56,BiLSTM_GAT_FC,2,2
57,BiLSTM_GAT_FC,2,2
58,BiLSTM_GAT_FC,2,2
59,BiLSTM_GAT_FC,4,2
60,BiLSTM_GAT_FC,4,2
61,BiLSTM_GAT_FC,2,2
62,BiLSTM_GAT_FC,3,2
63,BiLSTM_GAT_FC,3,2
64,BiLSTM_GAT_FC,1,2
65,BiLSTM_GAT_FC,2,2
66,BiLSTM_GAT_FC,1,2
67,BiLSTM_GAT_FC,3,2
68,BiLSTM_GAT_FC,0,2
69,BiLSTM_GAT_FC,0,2
70,BiLSTM_GAT_FC,3,2
71,BiLSTM_GAT_FC,2,2
72,BiLSTM_GAT_FC,1,2
73,BiLSTM_GAT_FC,1,2
74,BiLSTM_GAT_FC,2,2
75,BiLSTM_GAT_FC,2,2
76,BiLSTM_GAT_FC,2,2
77,BiLSTM_GAT_FC,2,2
78,BiLSTM_GAT_FC,3,2
79,BiLSTM_GAT_FC,1,2
80,BiLSTM_GAT_FC,4,2
81,BiLSTM_GAT_FC,1,2
82,BiLSTM_GAT_FC,3,2
83,BiLSTM_GAT_FC,2,2
84,BiLSTM_GAT_FC,1,2
85,BiLSTM_GAT_FC,2,2
86,BiLSTM_GAT_FC,3,2
87,BiLSTM_GAT_FC,1,2
88,BiLSTM_GAT_FC,3,2
89,BiLSTM_GAT_FC,2,2
90,BiLSTM_GAT_FC,2,2
91,BiLSTM_GAT_FC,2,2
92,BiLSTM_GAT_FC,1,2
93,BiLSTM_GAT_FC,0,2
94,BiLSTM_GAT_FC,2,2
95,BiLSTM_GAT_FC,2,2
96,BiLSTM_GAT_FC,3,2
97,BiLSTM_GAT_FC,3,2
98,BiLSTM_GAT_FC,1,2
99,BiLSTM_GAT_FC,1,2
100,BiLSTM_GAT_FC,2,2
101,BiLSTM_GAT_FC,0,2
102,BiLSTM_GAT_FC,0,2
103,BiLSTM_GAT_FC,1,2
104,BiLSTM_GAT_FC,2,2
105,BiLSTM_GAT_FC,2,2
106,BiLSTM_GAT_FC,1,2
107,BiLSTM_GAT_FC,1,2
108,BiLSTM_GAT_FC,2,2
109,BiLSTM_GAT_FC,0,2
110,BiLSTM_GAT_FC,3,2
111,BiLSTM_GAT_FC,2,2
112,BiLSTM_GAT_FC,3,2
113,BiLSTM_GAT_FC,1,2
114,BiLSTM_GAT_FC,3,2
115,BiLSTM_GAT_FC,2,2
116,BiLSTM_GAT_FC,2,2
117,BiLSTM_GAT_FC,2,2
118,BiLSTM_GAT_FC,0,2
119,BiLSTM_GAT_FC,1,2
120,BiLSTM_GAT_FC,1,2
121,BiLSTM_GAT_FC,2,2
122,BiLSTM_GAT_FC,3,2
123,BiLSTM_GAT_FC,3,2
124,BiLSTM_GAT_FC,3,2
125,BiLSTM_GAT_FC,0,2
126,BiLSTM_GAT_FC,2,2
127,BiLSTM_GAT_FC,3,2
128,BiLSTM_GAT_FC,3,2
129,BiLSTM_GAT_FC,3,2
130,BiLSTM_GAT_FC,3,2
131,BiLSTM_GAT_FC,2,2
132,BiLSTM_GAT_FC,3,2
133,BiLSTM_GAT_FC,1,2
134,BiLSTM_GAT_FC,0,2
135,BiLSTM_GAT_FC,5,2
136,BiLSTM_GAT_FC,3,2
137,BiLSTM_GAT_FC,2,2
138,BiLSTM_GAT_FC,1,2
139,BiLSTM_GAT_FC,3,2
140,BiLSTM_GAT_FC,1,2
141,BiLSTM_GAT_FC,2,2
142,BiLSTM_GAT_FC,1,2
143,BiLSTM_GAT_FC,2,2
144,BiLSTM_GAT_FC,2,2
145,BiLSTM_GAT_FC,1,2
146,BiLSTM_GAT_FC,3,2
147,BiLSTM_GAT_FC,4,2
148,BiLSTM_GAT_FC,1,2
149,BiLSTM_GAT_FC,1,2
150,BiLSTM_GAT_FC,3,2
151,BiLSTM_GAT_FC,3,2
152,BiLSTM_GAT_FC,1,2
153,BiLSTM_GAT_FC,1,2
154,BiLSTM_GAT_FC,1,2
155,BiLSTM_GAT_FC,2,2
156,BiLSTM_GAT_FC,1,2
157,BiLSTM_GAT_FC,2,2
158,BiLSTM_GAT_FC,3,2
159,BiLSTM_GAT_FC,2,2
160,BiLSTM_GAT_FC,2,2
161,BiLSTM_GAT_FC,1,2
162,BiLSTM_GAT_FC,2,2
163,BiLSTM_GAT_FC,1,2
164,BiLSTM_GAT_FC,4,2
165,BiLSTM_GAT_FC,3,2
166,BiLSTM_GAT_FC,2,2
167,BiLSTM_GAT_FC,2,2
168,BiLSTM_GAT_FC,1,2
169,BiLSTM_GAT_FC,3,2
170,BiLSTM_GAT_FC,3,2
171,BiLSTM_GAT_FC,1,2
172,BiLSTM_GAT_FC,2,2
173,BiLSTM_GAT_FC,1,2
174,BiLSTM_GAT_FC,1,2
175,BiLSTM_GAT_FC,2,2
176,BiLSTM_GAT_FC,3,2
177,BiLSTM_GAT_FC,1,2
178,BiLSTM_GAT_FC,2,2
179,BiLSTM_GAT_FC,2,2
180,BiLSTM_GAT_FC,2,2
181,BiLSTM_GAT_FC,3,2
182,BiLSTM_GAT_FC,2,2
183,BiLSTM_GAT_FC,1,2
184,BiLSTM_GAT_FC,1,2
185,BiLSTM_GAT_FC,2,2
186,BiLSTM_GAT_FC,1,2
187,BiLSTM_GAT_FC,2,2
188,BiLSTM_GAT_FC,2,2
189,BiLSTM_GAT_FC,1,2
190,BiLSTM_GAT_FC,1,2
191,BiLSTM_GAT_FC,1,2
192,BiLSTM_GAT_FC,2,2
193,BiLSTM_GAT_FC,2,2
194,BiLSTM_GAT_FC,1,2
195,BiLSTM_GAT_FC,0,2
196,BiLSTM_GAT_FC,3,2
197,BiLSTM_GAT_FC,3,2
198,BiLSTM_GAT_FC,2,2
199,BiLSTM_GAT_FC,2,2
200,BiLSTM_GAT_FC,2,2
201,BiLSTM_GAT_FC,3,2
202,BiLSTM_GAT_FC,1,2
203,BiLSTM_GAT_FC,3,2
204,BiLSTM_GAT_FC,1,2
205,BiLSTM_GAT_FC,3,2
206,BiLSTM_GAT_FC,1,2
207,BiLSTM_GAT_FC,1,2
208,BiLSTM_GAT_FC,1,2
209,BiLSTM_GAT_FC,2,2
210,BiLSTM_GAT_FC,1,2
211,BiLSTM_GAT_FC,1,2
212,BiLSTM_GAT_FC,0,2
213,BiLSTM_GAT_FC,0,2
214,BiLSTM_GAT_FC,3,2
215,BiLSTM_GAT_FC,1,2
216,BiLSTM_GAT_FC,2,2
217,BiLSTM_GAT_FC,4,2
218,BiLSTM_GAT_FC,2,2
219,BiLSTM_GAT_FC,1,2
220,BiLSTM_GAT_FC,2,2
221,BiLSTM_GAT_FC,3,2
222,BiLSTM_GAT_FC,2,2
223,BiLSTM_GAT_FC,3,2
224,BiLSTM_GAT_FC,2,2
225,BiLSTM_GAT_FC,2,2
226,BiLSTM_GAT_FC,1,2
227,BiLSTM_GAT_FC,1,2
228,BiLSTM_GAT_FC,2,2
229,BiLSTM_GAT_FC,3,2
230,BiLSTM_GAT_FC,3,2
231,BiLSTM_GAT_FC,2,2
232,BiLSTM_GAT_FC,0,2
233,BiLSTM_GAT_FC,2,2
234,BiLSTM_GAT_FC,1,2
235,BiLSTM_GAT_FC,1,2
236,BiLSTM_GAT_FC,4,2
237,BiLSTM_GAT_FC,3,2
238,BiLSTM_GAT_FC,1,2
239,BiLSTM_GAT_FC,3,2
240,BiLSTM_GAT_FC,0,2
241,BiLSTM_GAT_FC,1,2
242,BiLSTM_GAT_FC,3,2
243,BiLSTM_GAT_FC,1,2
244,BiLSTM_GAT_FC,3,2
245,BiLSTM_GAT_FC,2,2
246,BiLSTM_GAT_FC,1,2
247,BiLSTM_GAT_FC,1,2
248,BiLSTM_GAT_FC,2,2
249,BiLSTM_GAT_FC,2,2
250,BiLSTM_GAT_FC,2,2
251,BiLSTM_GAT_FC,1,2
252,BiLSTM_GAT_FC,2,2
253,BiLSTM_GAT_FC,2,2
254,BiLSTM_GAT_FC,3,2
255,BiLSTM_GAT_FC,2,2
256,BiLSTM_GAT_FC,1,2
257,BiLSTM_GAT_FC,0,2
258,BiLSTM_GAT_FC,2,2
259,BiLSTM_GAT_FC,1,2
260,BiLSTM_GAT_FC,3,2
261,BiLSTM_GAT_FC,1,2
262,BiLSTM_GAT_FC,2,2
263,BiLSTM_GAT_FC,2,2
264,BiLSTM_GAT_FC,1,2
265,BiLSTM_GAT_FC,1,2
266,BiLSTM_GAT_FC,1,2
267,BiLSTM_GAT_FC,2,2
268,BiLSTM_GAT_FC,0,2
269,BiLSTM_GAT_FC,2,2
270,BiLSTM_GAT_FC,1,2
271,BiLSTM_GAT_FC,2,2
272,BiLSTM_GAT_FC,1,2
273,BiLSTM_GAT_FC,1,2
274,BiLSTM_GAT_FC,2,2
275,BiLSTM_GAT_FC,1,2
276,BiLSTM_GAT_FC,4,2
277,BiLSTM_GAT_FC,3,2
278,BiLSTM_GAT_FC,0,2
279,BiLSTM_GAT_FC,1,2
280,BiLSTM_GAT_FC,1,2
281,BiLSTM_GAT_FC,1,2
282,BiLSTM_GAT_FC,3,2
283,BiLSTM_GAT_FC,2,2
284,BiLSTM_GAT_FC,2,2
285,BiLSTM_GAT_FC,3,2
286,BiLSTM_GAT_FC,1,2
287,BiLSTM_GAT_FC,2,2
288,BiLSTM_GAT_FC,0,2
289,BiLSTM_GAT_FC,0,2
290,BiLSTM_GAT_FC,1,2
291,BiLSTM_GAT_FC,2,2
292,BiLSTM_GAT_FC,2,2
293,BiLSTM_GAT_FC,4,2
294,BiLSTM_GAT_FC,3,2
295,BiLSTM_GAT_FC,2,2
296,BiLSTM_GAT_FC,2,2
297,BiLSTM_GAT_FC,1,2
298,BiLSTM_GAT_FC,3,2
299,BiLSTM_GAT_FC,0,2
300,BiLSTM_GAT_FC,1,2
301,BiLSTM_GAT_FC,0,2
302,BiLSTM_GAT_FC,1,2
303,BiLSTM_GAT_FC,2,2
304,BiLSTM_GAT_FC,1,2
305,BiLSTM_GAT_FC,1,2
306,BiLSTM_GAT_FC,5,2
307,BiLSTM_GAT_FC,2,2
308,BiLSTM_GAT_FC,1,2
309,BiLSTM_GAT_FC,3,2
310,BiLSTM_GAT_FC,4,2
311,BiLSTM_GAT_FC,2,2
312,BiLSTM_GAT_FC,2,2
313,BiLSTM_GAT_FC,1,2
314,BiLSTM_GAT_FC,1,2
315,BiLSTM_GAT_FC,3,2
316,BiLSTM_GAT_FC,1,2
317,BiLSTM_GAT_FC,2,2
318,BiLSTM_GAT_FC,2,2
319,BiLSTM_GAT_FC,1,2
320,BiLSTM_GAT_FC,4,2
321,BiLSTM_GAT_FC,1,2
322,BiLSTM_GAT_FC,3,2
323,BiLSTM_GAT_FC,1,2
324,BiLSTM_GAT_FC,2,2
325,BiLSTM_GAT_FC,3,2
326,BiLSTM_GAT_FC,4,2
327,BiLSTM_GAT_FC,1,2
328,BiLSTM_GAT_FC,2,2
329,BiLSTM_GAT_FC,2,2
330,BiLSTM_GAT_FC,3,2
331,BiLSTM_GAT_FC,1,2
332,BiLSTM_GAT_FC,2,2
333,BiLSTM_GAT_FC,1,2
334,BiLSTM_GAT_FC,3,2
335,BiLSTM_GAT_FC,1,2
336,BiLSTM_GAT_FC,5,2
337,BiLSTM_GAT_FC,0,2
338,BiLSTM_GAT_FC,3,2
339,BiLSTM_GAT_FC,0,2
340,BiLSTM_GAT_FC,1,2
341,BiLSTM_GAT_FC,3,2
342,BiLSTM_GAT_FC,2,2
343,BiLSTM_GAT_FC,2,2
344,BiLSTM_GAT_FC,4,2
345,BiLSTM_GAT_FC,4,2
346,BiLSTM_GAT_FC,2,2
347,BiLSTM_GAT_FC,2,2
348,BiLSTM_GAT_FC,2,2
349,BiLSTM_GAT_FC,1,2
350,BiLSTM_GAT_FC,0,2
351,BiLSTM_GAT_FC,2,2
352,BiLSTM_GAT_FC,2,2
353,BiLSTM_GAT_FC,1,2
354,BiLSTM_GAT_FC,2,2
355,BiLSTM_GAT_FC,1,2
356,BiLSTM_GAT_FC,3,2
357,BiLSTM_GAT_FC,2,2
358,BiLSTM_GAT_FC,1,2
359,BiLSTM_GAT_FC,2,2
360,BiLSTM_GAT_FC,3,2
361,BiLSTM_GAT_FC,3,2
362,BiLSTM_GAT_FC,2,2
363,BiLSTM_GAT_FC,1,2
364,BiLSTM_GAT_FC,1,2
365,BiLSTM_GAT_FC,2,2
366,BiLSTM_GAT_FC,2,2
367,BiLSTM_GAT_FC,0,2
368,BiLSTM_GAT_FC,3,2
369,BiLSTM_GAT_FC,3,2
370,BiLSTM_GAT_FC,2,2
371,BiLSTM_GAT_FC,4,2
372,BiLSTM_GAT_FC,2,2
373,BiLSTM_GAT_FC,2,2
374,BiLSTM_GAT_FC,3,2
375,BiLSTM_GAT_FC,3,2
376,BiLSTM_GAT_FC,2,2
377,BiLSTM_GAT_FC,1,2
378,BiLSTM_GAT_FC,2,2
379,BiLSTM_GAT_FC,2,2
380,BiLSTM_GAT_FC,3,2
381,BiLSTM_GAT_FC,1,2
382,BiLSTM_GAT_FC,0,2
383,BiLSTM_GAT_FC,1,2
384,BiLSTM_GAT_FC,4,2
385,BiLSTM_GAT_FC,2,2
386,BiLSTM_GAT_FC,3,2
387,BiLSTM_GAT_FC,1,2
388,BiLSTM_GAT_FC,1,2
389,BiLSTM_GAT_FC,3,2
390,BiLSTM_GAT_FC,3,2
391,BiLSTM_GAT_FC,3,2
392,BiLSTM_GAT_FC,3,2
393,BiLSTM_GAT_FC,1,2
394,BiLSTM_GAT_FC,2,2
395,BiLSTM_GAT_FC,1,2
396,BiLSTM_GAT_FC,2,2
397,BiLSTM_GAT_FC,3,2
398,BiLSTM_GAT_FC,2,2
399,BiLSTM_GAT_FC,1,2
400,BiLSTM_GAT_FC,1,2
401,BiLSTM_GAT_FC,1,2
402,BiLSTM_GAT_FC,2,2
403,BiLSTM_GAT_FC,2,2
404,BiLSTM_GAT_FC,1,2
405,BiLSTM_GAT_FC,0,2
406,BiLSTM_GAT_FC,1,2
407,BiLSTM_GAT_FC,2,2
408,BiLSTM_GAT_FC,2,2
409,BiLSTM_GAT_FC,3,2
410,BiLSTM_GAT_FC,3,2
411,BiLSTM_GAT_FC,4,2
412,BiLSTM_GAT_FC,2,2
413,BiLSTM_GAT_FC,3,2
414,BiLSTM_GAT_FC,1,2
415,BiLSTM_GAT_FC,1,2
416,BiLSTM_GAT_FC,3,2
417,BiLSTM_GAT_FC,0,2
418,BiLSTM_GAT_FC,0,2
419,BiLSTM_GAT_FC,2,2
420,BiLSTM_GAT_FC,3,2
421,BiLSTM_GAT_FC,1,2
422,BiLSTM_GAT_FC,0,2
423,BiLSTM_GAT_FC,1,2
424,BiLSTM_GAT_FC,1,2
425,BiLSTM_GAT_FC,1,2
426,BiLSTM_GAT_FC,2,2
427,BiLSTM_GAT_FC,3,2
428,BiLSTM_GAT_FC,2,2
429,BiLSTM_GAT_FC,3,2
430,BiLSTM_GAT_FC,1,2
431,BiLSTM_GAT_FC,1,2
432,BiLSTM_GAT_FC,1,2
433,BiLSTM_GAT_FC,1,2
434,BiLSTM_GAT_FC,1,2
435,BiLSTM_GAT_FC,2,2
436,BiLSTM_GAT_FC,3,2
437,BiLSTM_GAT_FC,1,2
438,BiLSTM_GAT_FC,1,2
439,BiLSTM_GAT_FC,1,2
440,BiLSTM_GAT_FC,2,2
441,BiLSTM_GAT_FC,2,2
442,BiLSTM_GAT_FC,1,2
443,BiLSTM_GAT_FC,2,2
444,BiLSTM_GAT_FC,3,2
445,BiLSTM_GAT_FC,2,2
446,BiLSTM_GAT_FC,1,2
447,BiLSTM_GAT_FC,3,2
448,BiLSTM_GAT_FC,0,2
449,BiLSTM_GAT_FC,2,2
450,BiLSTM_GAT_FC,1,2
451,BiLSTM_GAT_FC,2,2
452,BiLSTM_GAT_FC,3,2
453,BiLSTM_GAT_FC,1,2
454,BiLSTM_GAT_FC,2,2
455,BiLSTM_GAT_FC,1,2
456,BiLSTM_GAT_FC,2,2
457,BiLSTM_GAT_FC,2,2
458,BiLSTM_GAT_FC,2,2
459,BiLSTM_GAT_FC,2,2
460,BiLSTM_GAT_FC,2,2
461,BiLSTM_GAT_FC,0,2
462,BiLSTM_GAT_FC,1,2
463,BiLSTM_GAT_FC,1,2
464,BiLSTM_GAT_FC,1,2
465,BiLSTM_GAT_FC,1,2
466,BiLSTM_GAT_FC,1,2
467,BiLSTM_GAT_FC,2,2
468,BiLSTM_GAT_FC,1,2
469,BiLSTM_GAT_FC,3,2
470,BiLSTM_GAT_FC,2,2
471,BiLSTM_GAT_FC,2,2
472,BiLSTM_GAT_FC,2,2
473,BiLSTM_GAT_FC,1,2
474,BiLSTM_GAT_FC,0,2
475,BiLSTM_GAT_FC,3,2
476,BiLSTM_GAT_FC,2,2
477,BiLSTM_GAT_FC,1,2
478,BiLSTM_GAT_FC,1,2
479,BiLSTM_GAT_FC,2,2
480,BiLSTM_GAT_FC,1,2
481,BiLSTM_GAT_FC,1,2
482,BiLSTM_GAT_FC,3,2
483,BiLSTM_GAT_FC,1,2
484,BiLSTM_GAT_FC,3,2
485,BiLSTM_GAT_FC,1,2
486,BiLSTM_GAT_FC,3,2
487,BiLSTM_GAT_FC,4,2
488,BiLSTM_GAT_FC,1,2
489,BiLSTM_GAT_FC,1,2
490,BiLSTM_GAT_FC,1,2
491,BiLSTM_GAT_FC,1,2
492,BiLSTM_GAT_FC,1,2
493,BiLSTM_GAT_FC,4,2
494,BiLSTM_GAT_FC,2,2
495,BiLSTM_GAT_FC,2,2
496,BiLSTM_GAT_FC,2,2
497,BiLSTM_GAT_FC,2,2
498,BiLSTM_GAT_FC,4,2
499,BiLSTM_GAT_FC,2,2
500,BiLSTM_GAT_FC,1,2
501,BiLSTM_GAT_FC,3,2
502,BiLSTM_GAT_FC,1,2
503,BiLSTM_GAT_FC,1,2
504,BiLSTM_GAT_FC,0,2
505,BiLSTM_GAT_FC,2,2
506,BiLSTM_GAT_FC,2,2
507,BiLSTM_GAT_FC,3,2
508,BiLSTM_GAT_FC,3,2
509,BiLSTM_GAT_FC,1,2
510,BiLSTM_GAT_FC,2,2
511,BiLSTM_GAT_FC,3,2
512,BiLSTM_GAT_FC,2,2
513,BiLSTM_GAT_FC,1,2
514,BiLSTM_GAT_FC,2,2
515,BiLSTM_GAT_FC,0,2
516,BiLSTM_GAT_FC,2,2
517,BiLSTM_GAT_FC,2,2
518,BiLSTM_GAT_FC,3,2
519,BiLSTM_GAT_FC,1,2
520,BiLSTM_GAT_FC,0,2
521,BiLSTM_GAT_FC,0,2
522,BiLSTM_GAT_FC,3,2
523,BiLSTM_GAT_FC,2,2
524,BiLSTM_GAT_FC,1,2
525,BiLSTM_GAT_FC,2,2
526,BiLSTM_GAT_FC,1,2
527,BiLSTM_GAT_FC,1,2
528,BiLSTM_GAT_FC,2,2
529,BiLSTM_GAT_FC,2,2
530,BiLSTM_GAT_FC,3,2
531,BiLSTM_GAT_FC,2,2
532,BiLSTM_GAT_FC,1,2
533,BiLSTM_GAT_FC,1,2
534,BiLSTM_GAT_FC,3,2
535,BiLSTM_GAT_FC,1,2
536,BiLSTM_GAT_FC,2,2
537,BiLSTM_GAT_FC,1,2
538,BiLSTM_GAT_FC,3,2
539,BiLSTM_GAT_FC,1,2
540,BiLSTM_GAT_FC,2,2
541,BiLSTM_GAT_FC,2,2
542,BiLSTM_GAT_FC,0,2
543,BiLSTM_GAT_FC,2,2
544,BiLSTM_GAT_FC,2,2
545,BiLSTM_GAT_FC,3,2
546,BiLSTM_GAT_FC,2,2
547,BiLSTM_GAT_FC,0,2
548,BiLSTM_GAT_FC,2,2
549,BiLSTM_GAT_FC,0,2
550,BiLSTM_GAT_FC,3,2
551,BiLSTM_GAT_FC,3,2
552,BiLSTM_GAT_FC,3,2
553,BiLSTM_GAT_FC,1,2
554,BiLSTM_GAT_FC,2,2
555,BiLSTM_GAT_FC,1,2
556,BiLSTM_GAT_FC,3,2
557,BiLSTM_GAT_FC,1,2
558,BiLSTM_GAT_FC,0,2
559,BiLSTM_GAT_FC,1,2
560,BiLSTM_GAT_FC,2,2
561,BiLSTM_GAT_FC,0,2
562,BiLSTM_GAT_FC,4,2
563,BiLSTM_GAT_FC,2,2
564,BiLSTM_GAT_FC,2,2
565,BiLSTM_GAT_FC,2,2
566,BiLSTM_GAT_FC,4,2
567,BiLSTM_GAT_FC,3,2
568,BiLSTM_GAT_FC,1,2
569,BiLSTM_GAT_FC,2,2
570,BiLSTM_GAT_FC,3,2
571,BiLSTM_GAT_FC,0,2
572,BiLSTM_GAT_FC,1,2
573,BiLSTM_GAT_FC,3,2
574,BiLSTM_GAT_FC,2,2
575,BiLSTM_GAT_FC,2,2
576,BiLSTM_GAT_FC,2,2
577,BiLSTM_GAT_FC,3,2
578,BiLSTM_GAT_FC,2,2
579,BiLSTM_GAT_FC,1,2
580,BiLSTM_GAT_FC,3,2
581,BiLSTM_GAT_FC,3,2
582,BiLSTM_GAT_FC,2,2
583,BiLSTM_GAT_FC,2,2
584,BiLSTM_GAT_FC,2,2
585,BiLSTM_GAT_FC,4,2
586,BiLSTM_GAT_FC,0,2
587,BiLSTM_GAT_FC,2,2
588,BiLSTM_GAT_FC,2,2
589,BiLSTM_GAT_FC,1,2
590,BiLSTM_GAT_FC,2,2
591,BiLSTM_GAT_FC,1,2
592,BiLSTM_GAT_FC,1,2
593,BiLSTM_GAT_FC,2,2
594,BiLSTM_GAT_FC,2,2
595,BiLSTM_GAT_FC,1,2
596,BiLSTM_GAT_FC,3,2
597,BiLSTM_GAT_FC,2,2
598,BiLSTM_GAT_FC,3,2
599,BiLSTM_GAT_FC,1,2
600,BiLSTM_GAT_FC,1,2
601,BiLSTM_GAT_FC,4,2
602,BiLSTM_GAT_FC,2,2
603,BiLSTM_GAT_FC,2,2
604,BiLSTM_GAT_FC,1,2
605,BiLSTM_GAT_FC,2,2
606,BiLSTM_GAT_FC,2,2
607,BiLSTM_GAT_FC,3,2
608,BiLSTM_GAT_FC,5,2
609,BiLSTM_GAT_FC,2,2
610,BiLSTM_GAT_FC,4,2
611,BiLSTM_GAT_FC,1,2
612,BiLSTM_GAT_FC,4,2
613,BiLSTM_GAT_FC,3,2
614,BiLSTM_GAT_FC,2,2
615,BiLSTM_GAT_FC,2,2
616,BiLSTM_GAT_FC,2,2
617,BiLSTM_GAT_FC,2,2
618,BiLSTM_GAT_FC,1,2
619,BiLSTM_GAT_FC,4,2
620,BiLSTM_GAT_FC,1,2
621,BiLSTM_GAT_FC,2,2
622,BiLSTM_GAT_FC,4,2
623,BiLSTM_GAT_FC,3,2
624,BiLSTM_GAT_FC,1,2
625,BiLSTM_GAT_FC,0,2
626,BiLSTM_GAT_FC,2,2
627,BiLSTM_GAT_FC,1,2
628,BiLSTM_GAT_FC,0,2
629,BiLSTM_GAT_FC,2,2
630,BiLSTM_GAT_FC,5,2
631,BiLSTM_GAT_FC,4,2
632,BiLSTM_GAT_FC,2,2
633,BiLSTM_GAT_FC,2,2
634,BiLSTM_GAT_FC,2,2
635,BiLSTM_GAT_FC,2,2
636,BiLSTM_GAT_FC,2,2
637,BiLSTM_GAT_FC,2,2
638,BiLSTM_GAT_FC,1,2
639,BiLSTM_GAT_FC,0,2
640,BiLSTM_GAT_FC,3,2
641,BiLSTM_GAT_FC,0,2
642,BiLSTM_GAT_FC,2,2
643,BiLSTM_GAT_FC,3,2
644,BiLSTM_GAT_FC,0,2
645,BiLSTM_GAT_FC,1,2
646,BiLSTM_GAT_FC,1,2
647,BiLSTM_GAT_FC,1,2
648,BiLSTM_GAT_FC,3,2
649,BiLSTM_GAT_FC,1,2
650,BiLSTM_GAT_FC,1,2
651,BiLSTM_GAT_FC,2,2
652,BiLSTM_GAT_FC,1,2
653,BiLSTM_GAT_FC,1,2
654,BiLSTM_GAT_FC,1,2
655,BiLSTM_GAT_FC,3,2
656,BiLSTM_GAT_FC,2,2
657,BiLSTM_GAT_FC,4,2
658,BiLSTM_GAT_FC,3,2
659,BiLSTM_GAT_FC,3,2
660,BiLSTM_GAT_FC,2,2
661,BiLSTM_GAT_FC,2,2
662,BiLSTM_GAT_FC,1,2
663,BiLSTM_GAT_FC,2,2
664,BiLSTM_GAT_FC,3,2
665,BiLSTM_GAT_FC,2,2
666,BiLSTM_GAT_FC,1,2
667,BiLSTM_GAT_FC,3,2
668,BiLSTM_GAT_FC,2,2
669,BiLSTM_GAT_FC,2,2
670,BiLSTM_GAT_FC,2,2
671,BiLSTM_GAT_FC,1,2
672,BiLSTM_GAT_FC,0,2
673,BiLSTM_GAT_FC,2,2
674,BiLSTM_GAT_FC,3,2
675,BiLSTM_GAT_FC,2,2
676,BiLSTM_GAT_FC,3,2
677,BiLSTM_GAT_FC,1,2
678,BiLSTM_GAT_FC,0,2
679,BiLSTM_GAT_FC,1,2
680,BiLSTM_GAT_FC,3,2
681,BiLSTM_GAT_FC,1,2
682,BiLSTM_GAT_FC,2,2
683,BiLSTM_GAT_FC,0,2
684,BiLSTM_GAT_FC,3,2
685,BiLSTM_GAT_FC,3,2
686,BiLSTM_GAT_FC,3,2
687,BiLSTM_GAT_FC,0,2
688,BiLSTM_GAT_FC,2,2
689,BiLSTM_GAT_FC,2,2
690,BiLSTM_GAT_FC,2,2
691,BiLSTM_GAT_FC,2,2
692,BiLSTM_GAT_FC,1,2
693,BiLSTM_GAT_FC,2,2
694,BiLSTM_GAT_FC,3,2
695,BiLSTM_GAT_FC,2,2
696,BiLSTM_GAT_FC,2,2
697,BiLSTM_GAT_FC,1,2
698,BiLSTM_GAT_FC,2,2
699,BiLSTM_GAT_FC,3,2
700,BiLSTM_GAT_FC,3,2
701,BiLSTM_GAT_FC,3,2
702,BiLSTM_GAT_FC,4,2
703,BiLSTM_GAT_FC,0,2
704,BiLSTM_GAT_FC,2,2
705,BiLSTM_GAT_FC,1,2
706,BiLSTM_GAT_FC,2,2
707,BiLSTM_GAT_FC,1,2
708,BiLSTM_GAT_FC,1,2
709,BiLSTM_GAT_FC,1,2
710,BiLSTM_GAT_FC,1,2
711,BiLSTM_GAT_FC,1,2
712,BiLSTM_GAT_FC,2,2
713,BiLSTM_GAT_FC,1,2
714,BiLSTM_GAT_FC,2,2
715,BiLSTM_GAT_FC,2,2
716,BiLSTM_GAT_FC,1,2
717,BiLSTM_GAT_FC,3,2
718,BiLSTM_GAT_FC,1,2
719,BiLSTM_GAT_FC,1,2
720,BiLSTM_GAT_FC,4,2
721,BiLSTM_GAT_FC,1,2
722,BiLSTM_GAT_FC,1,2
723,BiLSTM_GAT_FC,1,2
724,BiLSTM_GAT_FC,2,2
725,BiLSTM_GAT_FC,1,2
726,BiLSTM_GAT_FC,3,2
727,BiLSTM_GAT_FC,3,2
728,BiLSTM_GAT_FC,2,2
729,BiLSTM_GAT_FC,2,2
730,BiLSTM_GAT_FC,1,2
731,BiLSTM_GAT_FC,3,2
732,BiLSTM_GAT_FC,1,2
733,BiLSTM_GAT_FC,3,2
734,BiLSTM_GAT_FC,1,2
735,BiLSTM_GAT_FC,3,2
736,BiLSTM_GAT_FC,3,2
737,BiLSTM_GAT_FC,2,2
738,BiLSTM_GAT_FC,1,2
739,BiLSTM_GAT_FC,4,2
740,BiLSTM_GAT_FC,1,2
741,BiLSTM_GAT_FC,2,2
742,BiLSTM_GAT_FC,1,2
743,BiLSTM_GAT_FC,0,2
744,BiLSTM_GAT_FC,1,2
745,BiLSTM_GAT_FC,2,2
746,BiLSTM_GAT_FC,2,2
747,BiLSTM_GAT_FC,1,2
748,BiLSTM_GAT_FC,2,2
749,BiLSTM_GAT_FC,2,2
750,BiLSTM_GAT_FC,2,2
751,BiLSTM_GAT_FC,1,2
752,BiLSTM_GAT_FC,1,2
753,BiLSTM_GAT_FC,2,2
754,BiLSTM_GAT_FC,1,2
755,BiLSTM_GAT_FC,2,2
756,BiLSTM_GAT_FC,1,2
757,BiLSTM_GAT_FC,2,2
758,BiLSTM_GAT_FC,1,2
759,BiLSTM_GAT_FC,2,2
760,BiLSTM_GAT_FC,1,2
761,BiLSTM_GAT_FC,1,2
762,BiLSTM_GAT_FC,3,2
763,BiLSTM_GAT_FC,2,2
764,BiLSTM_GAT_FC,1,2
765,BiLSTM_GAT_FC,2,2
766,BiLSTM_GAT_FC,2,2
767,BiLSTM_GAT_FC,2,2
768,BiLSTM_GAT_FC,1,2
769,BiLSTM_GAT_FC,3,2
770,BiLSTM_GAT_FC,2,2
771,BiLSTM_GAT_FC,3,2
772,BiLSTM_GAT_FC,3,2
773,BiLSTM_GAT_FC,1,2
774,BiLSTM_GAT_FC,1,2
775,BiLSTM_GAT_FC,3,2
776,BiLSTM_GAT_FC,1,2
777,BiLSTM_GAT_FC,3,2
778,BiLSTM_GAT_FC,3,2
779,BiLSTM_GAT_FC,1,2
780,BiLSTM_GAT_FC,3,2
781,BiLSTM_GAT_FC,1,2
782,BiLSTM_GAT_FC,1,2
783,BiLSTM_GAT_FC,3,2
784,BiLSTM_GAT_FC,1,2
785,BiLSTM_GAT_FC,3,2
786,BiLSTM_GAT_FC,1,2
787,BiLSTM_GAT_FC,2,2
788,BiLSTM_GAT_FC,4,2
789,BiLSTM_GAT_FC,3,2
790,BiLSTM_GAT_FC,1,2
791,BiLSTM_GAT_FC,1,2
792,BiLSTM_GAT_FC,2,2
793,BiLSTM_GAT_FC,2,2
794,BiLSTM_GAT_FC,0,2
795,BiLSTM_GAT_FC,2,2
796,BiLSTM_GAT_FC,3,2
797,BiLSTM_GAT_FC,1,2
798,BiLSTM_GAT_FC,3,2
799,BiLSTM_GAT_FC,1,2
800,BiLSTM_GAT_FC,2,2
801,BiLSTM_GAT_FC,2,2
802,BiLSTM_GAT_FC,1,2
803,BiLSTM_GAT_FC,2,2
804,BiLSTM_GAT_FC,2,2
805,BiLSTM_GAT_FC,3,2
806,BiLSTM_GAT_FC,3,2
807,BiLSTM_GAT_FC,1,2
808,BiLSTM_GAT_FC,1,2
809,BiLSTM_GAT_FC,3,2
810,BiLSTM_GAT_FC,2,2
811,BiLSTM_GAT_FC,2,2
812,BiLSTM_GAT_FC,1,2
813,BiLSTM_GAT_FC,2,2
814,BiLSTM_GAT_FC,2,2
815,BiLSTM_GAT_FC,3,2
816,BiLSTM_GAT_FC,0,2
817,BiLSTM_GAT_FC,1,2
818,BiLSTM_GAT_FC,2,2
819,BiLSTM_GAT_FC,1,2
820,BiLSTM_GAT_FC,2,2
821,BiLSTM_GAT_FC,1,2
822,BiLSTM_GAT_FC,3,2
823,BiLSTM_GAT_FC,0,2
824,BiLSTM_GAT_FC,0,2
825,BiLSTM_GAT_FC,3,2
826,BiLSTM_GAT_FC,3,2
827,BiLSTM_GAT_FC,0,2
828,BiLSTM_GAT_FC,2,2
829,BiLSTM_GAT_FC,1,2
830,BiLSTM_GAT_FC,4,2
831,BiLSTM_GAT_FC,1,2
832,BiLSTM_GAT_FC,3,2
833,BiLSTM_GAT_FC,1,2
834,BiLSTM_GAT_FC,3,2
835,BiLSTM_GAT_FC,3,2
836,BiLSTM_GAT_FC,1,2
837,BiLSTM_GAT_FC,2,2
838,BiLSTM_GAT_FC,2,2
839,BiLSTM_GAT_FC,0,2
840,BiLSTM_GAT_FC,1,2
841,BiLSTM_GAT_FC,4,2
842,BiLSTM_GAT_FC,2,2
843,BiLSTM_GAT_FC,1,2
844,BiLSTM_GAT_FC,2,2
845,BiLSTM_GAT_FC,0,2
846,BiLSTM_GAT_FC,2,2
847,BiLSTM_GAT_FC,0,2
848,BiLSTM_GAT_FC,0,2
849,BiLSTM_GAT_FC,1,2
850,BiLSTM_GAT_FC,2,2
851,BiLSTM_GAT_FC,3,2
852,BiLSTM_GAT_FC,2,2
853,BiLSTM_GAT_FC,4,2
854,BiLSTM_GAT_FC,2,2
855,BiLSTM_GAT_FC,2,2
856,BiLSTM_GAT_FC,3,2
857,BiLSTM_GAT_FC,1,2
858,BiLSTM_GAT_FC,2,2
859,BiLSTM_GAT_FC,0,2
860,BiLSTM_GAT_FC,0,2
861,BiLSTM_GAT_FC,1,2
862,BiLSTM_GAT_FC,1,2
863,BiLSTM_GAT_FC,3,2
864,BiLSTM_GAT_FC,0,2
865,BiLSTM_GAT_FC,0,2
866,BiLSTM_GAT_FC,1,2
867,BiLSTM_GAT_FC,1,2
868,BiLSTM_GAT_FC,3,2
869,BiLSTM_GAT_FC,2,2
870,BiLSTM_GAT_FC,2,2
871,BiLSTM_GAT_FC,2,2
872,BiLSTM_GAT_FC,1,2
873,BiLSTM_GAT_FC,2,2
874,BiLSTM_GAT_FC,0,2
875,BiLSTM_GAT_FC,2,2
876,BiLSTM_GAT_FC,3,2
877,BiLSTM_GAT_FC,1,2
878,BiLSTM_GAT_FC,2,2
879,BiLSTM_GAT_FC,3,2
880,BiLSTM_GAT_FC,3,2
881,BiLSTM_GAT_FC,2,2
882,BiLSTM_GAT_FC,1,2
883,BiLSTM_GAT_FC,2,2
884,BiLSTM_GAT_FC,2,2
885,BiLSTM_GAT_FC,2,2
886,BiLSTM_GAT_FC,3,2
887,BiLSTM_GAT_FC,1,2
888,BiLSTM_GAT_FC,1,2
889,BiLSTM_GAT_FC,1,2
890,BiLSTM_GAT_FC,0,2
891,BiLSTM_GAT_FC,3,2
892,BiLSTM_GAT_FC,2,2
893,BiLSTM_GAT_FC,0,2
894,BiLSTM_GAT_FC,2,2
895,BiLSTM_GAT_FC,1,2
896,BiLSTM_GAT_FC,1,2
897,BiLSTM_GAT_FC,0,2
898,BiLSTM_GAT_FC,4,2
899,BiLSTM_GAT_FC,1,2
900,BiLSTM_GAT_FC,2,2
901,BiLSTM_GAT_FC,2,2
902,BiLSTM_GAT_FC,5,2
903,BiLSTM_GAT_FC,2,2
904,BiLSTM_GAT_FC,1,2
905,BiLSTM_GAT_FC,2,2
906,BiLSTM_GAT_FC,3,2
907,BiLSTM_GAT_FC,1,2
908,BiLSTM_GAT_FC,4,2
909,BiLSTM_GAT_FC,1,2
910,BiLSTM_GAT_FC,3,2
911,BiLSTM_GAT_FC,1,2
912,BiLSTM_GAT_FC,3,2
913,BiLSTM_GAT_FC,1,2
914,BiLSTM_GAT_FC,5,2
915,BiLSTM_GAT_FC,0,2
916,BiLSTM_GAT_FC,2,2
917,BiLSTM_GAT_FC,3,2
918,BiLSTM_GAT_FC,0,2
919,BiLSTM_GAT_FC,2,2
920,BiLSTM_GAT_FC,2,2
921,BiLSTM_GAT_FC,2,2
922,BiLSTM_GAT_FC,1,2
923,BiLSTM_GAT_FC,2,2
924,BiLSTM_GAT_FC,2,2
925,BiLSTM_GAT_FC,4,2
926,BiLSTM_GAT_FC,1,2
927,BiLSTM_GAT_FC,1,2
928,BiLSTM_GAT_FC,3,2
929,BiLSTM_GAT_FC,2,2
930,BiLSTM_GAT_FC,2,2
931,BiLSTM_GAT_FC,1,2
932,BiLSTM_GAT_FC,2,2
933,BiLSTM_GAT_FC,2,2
934,BiLSTM_GAT_FC,3,2
935,BiLSTM_GAT_FC,2,2
936,BiLSTM_GAT_FC,0,2
937,BiLSTM_GAT_FC,3,2
938,BiLSTM_GAT_FC,3,2
939,BiLSTM_GAT_FC,2,2
940,BiLSTM_GAT_FC,1,2
941,BiLSTM_GAT_FC,2,2
942,BiLSTM_GAT_FC,2,2
943,BiLSTM_GAT_FC,1,2
944,BiLSTM_GAT_FC,1,2
945,BiLSTM_GAT_FC,2,2
946,BiLSTM_GAT_FC,4,2
947,BiLSTM_GAT_FC,3,2
948,BiLSTM_GAT_FC,3,2
949,BiLSTM_GAT_FC,1,2
950,BiLSTM_GAT_FC,4,2
951,BiLSTM_GAT_FC,1,2
952,BiLSTM_GAT_FC,3,2
953,BiLSTM_GAT_FC,2,2
954,BiLSTM_GAT_FC,3,2
955,BiLSTM_GAT_FC,3,2
956,BiLSTM_GAT_FC,2,2
957,BiLSTM_GAT_FC,1,2
958,BiLSTM_GAT_FC,2,2
959,BiLSTM_GAT_FC,2,2
960,BiLSTM_GAT_FC,3,2
961,BiLSTM_GAT_FC,2,2
962,BiLSTM_GAT_FC,2,2
963,BiLSTM_GAT_FC,1,2
964,BiLSTM_GAT_FC,1,2
965,BiLSTM_GAT_FC,2,2
966,BiLSTM_GAT_FC,3,2
967,BiLSTM_GAT_FC,2,2
968,BiLSTM_GAT_FC,3,2
969,BiLSTM_GAT_FC,2,2
970,BiLSTM_GAT_FC,2,2
971,BiLSTM_GAT_FC,1,2
972,BiLSTM_GAT_FC,0,2
973,BiLSTM_GAT_FC,0,2
974,BiLSTM_GAT_FC,2,2
975,BiLSTM_GAT_FC,4,2
976,BiLSTM_GAT_FC,2,2
977,BiLSTM_GAT_FC,2,2
978,BiLSTM_GAT_FC,3,2
979,BiLSTM_GAT_FC,3,2
980,BiLSTM_GAT_FC,2,2
981,BiLSTM_GAT_FC,2,2
982,BiLSTM_GAT_FC,3,2
983,BiLSTM_GAT_FC,1,2
984,BiLSTM_GAT_FC,1,2
985,BiLSTM_GAT_FC,2,2
986,BiLSTM_GAT_FC,2,2
987,BiLSTM_GAT_FC,1,2
988,BiLSTM_GAT_FC,0,2
989,BiLSTM_GAT_FC,1,2
990,BiLSTM_GAT_FC,3,2
991,BiLSTM_GAT_FC,1,2
992,BiLSTM_GAT_FC,2,2
993,BiLSTM_GAT_FC,2,2
994,BiLSTM_GAT_FC,2,2
995,BiLSTM_GAT_FC,3,2
996,BiLSTM_GAT_FC,3,2
997,BiLSTM_GAT_FC,1,2
998,BiLSTM_GAT_FC,1,2
999,BiLSTM_GAT_FC,1,2
1000,BiLSTM_GAT_FC,1,2
1001,BiLSTM_GAT_FC,2,2
1002,BiLSTM_GAT_FC,1,2
1003,BiLSTM_GAT_FC,3,2
1004,BiLSTM_GAT_FC,1,2
1005,BiLSTM_GAT_FC,1,2
1006,BiLSTM_GAT_FC,4,2
1007,BiLSTM_GAT_FC,1,2
1008,BiLSTM_GAT_FC,2,2
1009,BiLSTM_GAT_FC,4,2
1010,BiLSTM_GAT_FC,1,2
1011,BiLSTM_GAT_FC,1,2
1012,BiLSTM_GAT_FC,2,2
1013,BiLSTM_GAT_FC,2,2
1014,BiLSTM_GAT_FC,3,2
1015,BiLSTM_GAT_FC,2,2
1016,BiLSTM_GAT_FC,1,2
1017,BiLSTM_GAT_FC,1,2
1018,BiLSTM_GAT_FC,3,2
1019,BiLSTM_GAT_FC,1,2
1020,BiLSTM_GAT_FC,1,2
1021,BiLSTM_GAT_FC,1,2
1022,BiLSTM_GAT_FC,1,2
1023,BiLSTM_GAT_FC,2,2
1024,BiLSTM_GAT_FC,2,2
1025,BiLSTM_GAT_FC,1,2
1026,BiLSTM_GAT_FC,3,2
1027,BiLSTM_GAT_FC,1,2
1028,BiLSTM_GAT_FC,2,2
1029,BiLSTM_GAT_FC,1,2
1030,BiLSTM_GAT_FC,2,2
1031,BiLSTM_GAT_FC,3,2
1032,BiLSTM_GAT_FC,1,2
1033,BiLSTM_GAT_FC,3,2
1034,BiLSTM_GAT_FC,1,2
1035,BiLSTM_GAT_FC,1,2
1036,BiLSTM_GAT_FC,1,2
1037,BiLSTM_GAT_FC,3,2
1038,BiLSTM_GAT_FC,1,2
1039,BiLSTM_GAT_FC,2,2
1040,BiLSTM_GAT_FC,3,2
1041,BiLSTM_GAT_FC,0,2
1042,BiLSTM_GAT_FC,2,2
1043,BiLSTM_GAT_FC,1,2
1044,BiLSTM_GAT_FC,1,2
1045,BiLSTM_GAT_FC,2,2
1046,BiLSTM_GAT_FC,2,2
1047,BiLSTM_GAT_FC,2,2
1048,BiLSTM_GAT_FC,2,2
1049,BiLSTM_GAT_FC,2,2
1050,BiLSTM_GAT_FC,4,2
1051,BiLSTM_GAT_FC,1,2
1052,BiLSTM_GAT_FC,2,2
1053,BiLSTM_GAT_FC,1,2
1054,BiLSTM_GAT_FC,1,2
1055,BiLSTM_GAT_FC,2,2
1056,BiLSTM_GAT_FC,2,2
1057,BiLSTM_GAT_FC,3,2
1058,BiLSTM_GAT_FC,2,2
1059,BiLSTM_GAT_FC,1,2
1060,BiLSTM_GAT_FC,2,2
1061,BiLSTM_GAT_FC,2,2
1062,BiLSTM_GAT_FC,2,2
1063,BiLSTM_GAT_FC,2,2
1064,BiLSTM_GAT_FC,1,2
1065,BiLSTM_GAT_FC,2,2
1066,BiLSTM_GAT_FC,2,2
1067,BiLSTM_GAT_FC,1,2
1068,BiLSTM_GAT_FC,3,2
1069,BiLSTM_GAT_FC,2,2
1070,BiLSTM_GAT_FC,3,2
1071,BiLSTM_GAT_FC,2,2
1072,BiLSTM_GAT_FC,3,2
1073,BiLSTM_GAT_FC,2,2
1074,BiLSTM_GAT_FC,2,2
1075,BiLSTM_GAT_FC,3,2
1076,BiLSTM_GAT_FC,3,2
1077,BiLSTM_GAT_FC,1,2
1078,BiLSTM_GAT_FC,3,2
1079,BiLSTM_GAT_FC,1,2
1080,BiLSTM_GAT_FC,2,2
1081,BiLSTM_GAT_FC,1,2
1082,BiLSTM_GAT_FC,2,2
1083,BiLSTM_GAT_FC,3,2
1084,BiLSTM_GAT_FC,1,2
1085,BiLSTM_GAT_FC,0,2
1086,BiLSTM_GAT_FC,3,2
1087,BiLSTM_GAT_FC,3,2
1088,BiLSTM_GAT_FC,3,2
1089,BiLSTM_GAT_FC,1,2
1090,BiLSTM_GAT_FC,1,2
1091,BiLSTM_GAT_FC,1,2
1092,BiLSTM_GAT_FC,0,2
1093,BiLSTM_GAT_FC,2,2
1094,BiLSTM_GAT_FC,3,2
1095,BiLSTM_GAT_FC,4,2
1096,BiLSTM_GAT_FC,1,2
1097,BiLSTM_GAT_FC,1,2
1098,BiLSTM_GAT_FC,1,2
1099,BiLSTM_GAT_FC,1,2
1100,BiLSTM_GAT_FC,0,2
1101,BiLSTM_GAT_FC,2,2
1102,BiLSTM_GAT_FC,0,2
1103,BiLSTM_GAT_FC,1,2
1104,BiLSTM_GAT_FC,3,2
1105,BiLSTM_GAT_FC,1,2
1106,BiLSTM_GAT_FC,2,2
1107,BiLSTM_GAT_FC,2,2
1108,BiLSTM_GAT_FC,3,2
1109,BiLSTM_GAT_FC,2,2
1110,BiLSTM_GAT_FC,2,2
1111,BiLSTM_GAT_FC,4,2
1112,BiLSTM_GAT_FC,0,2
1113,BiLSTM_GAT_FC,1,2
1114,BiLSTM_GAT_FC,0,2
1115,BiLSTM_GAT_FC,1,2
1116,BiLSTM_GAT_FC,2,2
1117,BiLSTM_GAT_FC,2,2
1118,BiLSTM_GAT_FC,2,2
1119,BiLSTM_GAT_FC,0,2
1120,BiLSTM_GAT_FC,0,2
1121,BiLSTM_GAT_FC,2,2
1122,BiLSTM_GAT_FC,2,2
1123,BiLSTM_GAT_FC,4,2
1124,BiLSTM_GAT_FC,2,2
1125,BiLSTM_GAT_FC,2,2
1126,BiLSTM_GAT_FC,3,2
1127,BiLSTM_GAT_FC,3,2
1128,BiLSTM_GAT_FC,2,2
1129,BiLSTM_GAT_FC,1,2
1130,BiLSTM_GAT_FC,3,2
1131,BiLSTM_GAT_FC,0,2
1132,BiLSTM_GAT_FC,0,2
1133,BiLSTM_GAT_FC,2,2
1134,BiLSTM_GAT_FC,1,2
1135,BiLSTM_GAT_FC,2,2
1136,BiLSTM_GAT_FC,2,2
1137,BiLSTM_GAT_FC,3,2
1138,BiLSTM_GAT_FC,0,2
1139,BiLSTM_GAT_FC,3,2
1140,BiLSTM_GAT_FC,1,2
1141,BiLSTM_GAT_FC,1,2
1142,BiLSTM_GAT_FC,0,2
1143,BiLSTM_GAT_FC,0,2
1144,BiLSTM_GAT_FC,0,2
1145,BiLSTM_GAT_FC,3,2
1146,BiLSTM_GAT_FC,3,2
1147,BiLSTM_GAT_FC,1,2
1148,BiLSTM_GAT_FC,1,2
1149,BiLSTM_GAT_FC,2,2
1150,BiLSTM_GAT_FC,1,2
1151,BiLSTM_GAT_FC,1,2
1152,BiLSTM_GAT_FC,0,2
1153,BiLSTM_GAT_FC,1,2
1154,BiLSTM_GAT_FC,4,2
1155,BiLSTM_GAT_FC,3,2
1156,BiLSTM_GAT_FC,1,2
1157,BiLSTM_GAT_FC,3,2
1158,BiLSTM_GAT_FC,1,2
1159,BiLSTM_GAT_FC,2,2
1160,BiLSTM_GAT_FC,3,2
1161,BiLSTM_GAT_FC,1,2
1162,BiLSTM_GAT_FC,1,2
1163,BiLSTM_GAT_FC,3,2
1164,BiLSTM_GAT_FC,3,2
1165,BiLSTM_GAT_FC,3,2
1166,BiLSTM_GAT_FC,1,2
1167,BiLSTM_GAT_FC,2,2
1168,BiLSTM_GAT_FC,2,2
1169,BiLSTM_GAT_FC,1,2
1170,BiLSTM_GAT_FC,1,2
1171,BiLSTM_GAT_FC,2,2
1172,BiLSTM_GAT_FC,2,2
1173,BiLSTM_GAT_FC,2,2
1174,BiLSTM_GAT_FC,4,2
1175,BiLSTM_GAT_FC,3,2
1176,BiLSTM_GAT_FC,2,2
1177,BiLSTM_GAT_FC,2,2
1178,BiLSTM_GAT_FC,2,2
1179,BiLSTM_GAT_FC,2,2
1180,BiLSTM_GAT_FC,2,2
1181,BiLSTM_GAT_FC,0,2
1182,BiLSTM_GAT_FC,0,2
1183,BiLSTM_GAT_FC,1,2
1184,BiLSTM_GAT_FC,2,2
1185,BiLSTM_GAT_FC,1,2
1186,BiLSTM_GAT_FC,2,2
1187,BiLSTM_GAT_FC,1,2
1188,BiLSTM_GAT_FC,2,2
1189,BiLSTM_GAT_FC,1,2
1190,BiLSTM_GAT_FC,1,2
1191,BiLSTM_GAT_FC,3,2
1192,BiLSTM_GAT_FC,1,2
1193,BiLSTM_GAT_FC,1,2
1194,BiLSTM_GAT_FC,1,2
1195,BiLSTM_GAT_FC,1,2
1196,BiLSTM_GAT_FC,1,2
1197,BiLSTM_GAT_FC,2,2
1198,BiLSTM_GAT_FC,2,2
1199,BiLSTM_GAT_FC,2,2
1200,BiLSTM_GAT_FC,1,2
1201,BiLSTM_GAT_FC,1,2
1202,BiLSTM_GAT_FC,3,2
1203,BiLSTM_GAT_FC,2,2
1204,BiLSTM_GAT_FC,4,2
1205,BiLSTM_GAT_FC,1,2
1206,BiLSTM_GAT_FC,1,2
1207,BiLSTM_GAT_FC,2,2
1208,BiLSTM_GAT_FC,1,2
1209,BiLSTM_GAT_FC,1,2
1210,BiLSTM_GAT_FC,1,2
1211,BiLSTM_GAT_FC,0,2
1212,BiLSTM_GAT_FC,3,2
1213,BiLSTM_GAT_FC,3,2
1214,BiLSTM_GAT_FC,2,2
1215,BiLSTM_GAT_FC,2,2
1216,BiLSTM_GAT_FC,3,2
1217,BiLSTM_GAT_FC,4,2
1218,BiLSTM_GAT_FC,1,2
1219,BiLSTM_GAT_FC,3,2
1220,BiLSTM_GAT_FC,1,2
1221,BiLSTM_GAT_FC,0,2
1222,BiLSTM_GAT_FC,2,2
1223,BiLSTM_GAT_FC,1,2
1224,BiLSTM_GAT_FC,3,2
1225,BiLSTM_GAT_FC,2,2
1226,BiLSTM_GAT_FC,2,2
1227,BiLSTM_GAT_FC,2,2
1228,BiLSTM_GAT_FC,1,2
1229,BiLSTM_GAT_FC,3,2
1230,BiLSTM_GAT_FC,1,2
1231,BiLSTM_GAT_FC,2,2
1232,BiLSTM_GAT_FC,1,2
1233,BiLSTM_GAT_FC,0,2
1234,BiLSTM_GAT_FC,0,2
1235,BiLSTM_GAT_FC,4,2
1236,BiLSTM_GAT_FC,1,2
1237,BiLSTM_GAT_FC,1,2
1238,BiLSTM_GAT_FC,1,2
1239,BiLSTM_GAT_FC,3,2
1240,BiLSTM_GAT_FC,2,2
1241,BiLSTM_GAT_FC,1,2
1242,BiLSTM_GAT_FC,4,2
1243,BiLSTM_GAT_FC,3,2
1244,BiLSTM_GAT_FC,2,2
1245,BiLSTM_GAT_FC,3,2
1246,BiLSTM_GAT_FC,3,2
1247,BiLSTM_GAT_FC,1,2
1248,BiLSTM_GAT_FC,1,2
1249,BiLSTM_GAT_FC,4,2
1250,BiLSTM_GAT_FC,2,2
1251,BiLSTM_GAT_FC,2,2
1252,BiLSTM_GAT_FC,2,2
1253,BiLSTM_GAT_FC,3,2
1254,BiLSTM_GAT_FC,2,2
1255,BiLSTM_GAT_FC,3,2
1256,BiLSTM_GAT_FC,2,2
1257,BiLSTM_GAT_FC,2,2
1258,BiLSTM_GAT_FC,1,2
1259,BiLSTM_GAT_FC,2,2
1260,BiLSTM_GAT_FC,3,2
1261,BiLSTM_GAT_FC,2,2
1262,BiLSTM_GAT_FC,1,2
1263,BiLSTM_GAT_FC,2,2
1264,BiLSTM_GAT_FC,0,2
1265,BiLSTM_GAT_FC,2,2
1266,BiLSTM_GAT_FC,3,2
1267,BiLSTM_GAT_FC,2,2
1268,BiLSTM_GAT_FC,2,2
1269,BiLSTM_GAT_FC,2,2
1270,BiLSTM_GAT_FC,2,2
1271,BiLSTM_GAT_FC,1,2
1272,BiLSTM_GAT_FC,2,2
1273,BiLSTM_GAT_FC,2,2
1274,BiLSTM_GAT_FC,1,2
1275,BiLSTM_GAT_FC,0,2
1276,BiLSTM_GAT_FC,1,2
1277,BiLSTM_GAT_FC,3,2
1278,BiLSTM_GAT_FC,3,2
1279,BiLSTM_GAT_FC,2,2
1280,BiLSTM_GAT_FC,3,2
1281,BiLSTM_GAT_FC,1,2
1282,BiLSTM_GAT_FC,2,2
1283,BiLSTM_GAT_FC,2,2
1284,BiLSTM_GAT_FC,2,2
1285,BiLSTM_GAT_FC,1,2
1286,BiLSTM_GAT_FC,2,2
1287,BiLSTM_GAT_FC,2,2
1288,BiLSTM_GAT_FC,1,2
1289,BiLSTM_GAT_FC,3,2
1290,BiLSTM_GAT_FC,3,2
1291,BiLSTM_GAT_FC,2,2
1292,BiLSTM_GAT_FC,3,2
1293,BiLSTM_GAT_FC,2,2
1294,BiLSTM_GAT_FC,3,2
1295,BiLSTM_GAT_FC,4,2
1296,BiLSTM_GAT_FC,3,2
1297,BiLSTM_GAT_FC,3,2
1298,BiLSTM_GAT_FC,4,2
1299,BiLSTM_GAT_FC,0,2
1300,BiLSTM_GAT_FC,0,2
1301,BiLSTM_GAT_FC,1,2
1302,BiLSTM_GAT_FC,2,2
1303,BiLSTM_GAT_FC,5,2
1304,BiLSTM_GAT_FC,3,2
1305,BiLSTM_GAT_FC,1,2
1306,BiLSTM_GAT_FC,1,2
1307,BiLSTM_GAT_FC,5,2
1308,BiLSTM_GAT_FC,2,2
1309,BiLSTM_GAT_FC,1,2
1310,BiLSTM_GAT_FC,2,2
1311,BiLSTM_GAT_FC,1,2
1312,BiLSTM_GAT_FC,2,2
1313,BiLSTM_GAT_FC,1,2
1314,BiLSTM_GAT_FC,3,2
1315,BiLSTM_GAT_FC,2,2
1316,BiLSTM_GAT_FC,3,2
1317,BiLSTM_GAT_FC,1,2
1318,BiLSTM_GAT_FC,1,2
1319,BiLSTM_GAT_FC,1,2
1320,BiLSTM_GAT_FC,1,2
1321,BiLSTM_GAT_FC,3,2
1322,BiLSTM_GAT_FC,1,2
1323,BiLSTM_GAT_FC,1,2
1324,BiLSTM_GAT_FC,3,2
1325,BiLSTM_GAT_FC,3,2
1326,BiLSTM_GAT_FC,1,2
1327,BiLSTM_GAT_FC,2,2
1328,BiLSTM_GAT_FC,3,2
1329,BiLSTM_GAT_FC,2,2
1330,BiLSTM_GAT_FC,1,2
1331,BiLSTM_GAT_FC,3,2
1332,BiLSTM_GAT_FC,3,2
1333,BiLSTM_GAT_FC,2,2
1334,BiLSTM_GAT_FC,1,2
1335,BiLSTM_GAT_FC,2,2
1336,BiLSTM_GAT_FC,1,2
1337,BiLSTM_GAT_FC,2,2
1338,BiLSTM_GAT_FC,1,2
1339,BiLSTM_GAT_FC,1,2
1340,BiLSTM_GAT_FC,2,2
1341,BiLSTM_GAT_FC,1,2
1342,BiLSTM_GAT_FC,4,2
1343,BiLSTM_GAT_FC,0,2
1344,BiLSTM_GAT_FC,0,2
1345,BiLSTM_GAT_FC,2,2
1346,BiLSTM_GAT_FC,3,2
1347,BiLSTM_GAT_FC,3,2
1348,BiLSTM_GAT_FC,3,2
1349,BiLSTM_GAT_FC,1,2
1350,BiLSTM_GAT_FC,2,2
1351,BiLSTM_GAT_FC,1,2
1352,BiLSTM_GAT_FC,2,2
1353,BiLSTM_GAT_FC,2,2
1354,BiLSTM_GAT_FC,3,2
1355,BiLSTM_GAT_FC,1,2
1356,BiLSTM_GAT_FC,1,2
1357,BiLSTM_GAT_FC,3,2
1358,BiLSTM_GAT_FC,1,2
1359,BiLSTM_GAT_FC,1,2
1360,BiLSTM_GAT_FC,2,2
1361,BiLSTM_GAT_FC,2,2
1362,BiLSTM_GAT_FC,2,2
1363,BiLSTM_GAT_FC,1,2
1364,BiLSTM_GAT_FC,2,2
1365,BiLSTM_GAT_FC,2,2
1366,BiLSTM_GAT_FC,0,2
1367,BiLSTM_GAT_FC,2,2
1368,BiLSTM_GAT_FC,2,2
1369,BiLSTM_GAT_FC,2,2
1370,BiLSTM_GAT_FC,1,2
1371,BiLSTM_GAT_FC,1,2
1372,BiLSTM_GAT_FC,1,2
1373,BiLSTM_GAT_FC,2,2
1374,BiLSTM_GAT_FC,1,2
1375,BiLSTM_GAT_FC,1,2
1376,BiLSTM_GAT_FC,1,2
1377,BiLSTM_GAT_FC,3,2
1378,BiLSTM_GAT_FC,4,2
1379,BiLSTM_GAT_FC,3,2
1380,BiLSTM_GAT_FC,1,2
1381,BiLSTM_GAT_FC,1,2
1382,BiLSTM_GAT_FC,0,2
1383,BiLSTM_GAT_FC,1,2
1384,BiLSTM_GAT_FC,0,2
1385,BiLSTM_GAT_FC,2,2
1386,BiLSTM_GAT_FC,2,2
1387,BiLSTM_GAT_FC,1,2
1388,BiLSTM_GAT_FC,0,2
1389,BiLSTM_GAT_FC,2,2
1390,BiLSTM_GAT_FC,3,2
1391,BiLSTM_GAT_FC,3,2
1392,BiLSTM_GAT_FC,2,2
1393,BiLSTM_GAT_FC,2,2
1394,BiLSTM_GAT_FC,0,2
1395,BiLSTM_GAT_FC,1,2
1396,BiLSTM_GAT_FC,3,2
1397,BiLSTM_GAT_FC,2,2
1398,BiLSTM_GAT_FC,2,2
1399,BiLSTM_GAT_FC,3,2
1400,BiLSTM_GAT_FC,3,2
1401,BiLSTM_GAT_FC,3,2
1402,BiLSTM_GAT_FC,0,2
1403,BiLSTM_GAT_FC,1,2
1404,BiLSTM_GAT_FC,0,2
1405,BiLSTM_GAT_FC,1,2
1406,BiLSTM_GAT_FC,0,2
1407,BiLSTM_GAT_FC,0,2
1408,BiLSTM_GAT_FC,3,2
1409,BiLSTM_GAT_FC,2,2
1410,BiLSTM_GAT_FC,3,2
1411,BiLSTM_GAT_FC,1,2
1412,BiLSTM_GAT_FC,2,2
1413,BiLSTM_GAT_FC,4,2
1414,BiLSTM_GAT_FC,3,2
1415,BiLSTM_GAT_FC,2,2
1416,BiLSTM_GAT_FC,1,2
1417,BiLSTM_GAT_FC,4,2
1418,BiLSTM_GAT_FC,3,2
1419,BiLSTM_GAT_FC,1,2
1420,BiLSTM_GAT_FC,1,2
1421,BiLSTM_GAT_FC,1,2
1422,BiLSTM_GAT_FC,2,2
1423,BiLSTM_GAT_FC,3,2
1424,BiLSTM_GAT_FC,2,2
1425,BiLSTM_GAT_FC,1,2
1426,BiLSTM_GAT_FC,0,2
1427,BiLSTM_GAT_FC,1,2
1428,BiLSTM_GAT_FC,1,2
1429,BiLSTM_GAT_FC,2,2
1430,BiLSTM_GAT_FC,3,2
1431,BiLSTM_GAT_FC,3,2
1432,BiLSTM_GAT_FC,0,2
1433,BiLSTM_GAT_FC,2,2
1434,BiLSTM_GAT_FC,3,2
1435,BiLSTM_GAT_FC,1,2
1436,BiLSTM_GAT_FC,2,2
1437,BiLSTM_GAT_FC,1,2
1438,BiLSTM_GAT_FC,1,2
1439,BiLSTM_GAT_FC,1,2
1440,BiLSTM_GAT_FC,1,2
1441,BiLSTM_GAT_FC,2,2
1442,BiLSTM_GAT_FC,4,2
1443,BiLSTM_GAT_FC,0,2
1444,BiLSTM_GAT_FC,2,2
1445,BiLSTM_GAT_FC,2,2
1446,BiLSTM_GAT_FC,2,2
1447,BiLSTM_GAT_FC,3,2
1448,BiLSTM_GAT_FC,1,2
1449,BiLSTM_GAT_FC,2,2
1450,BiLSTM_GAT_FC,0,2
1451,BiLSTM_GAT_FC,2,2
1452,BiLSTM_GAT_FC,1,2
1453,BiLSTM_GAT_FC,3,2
1454,BiLSTM_GAT_FC,4,2
1455,BiLSTM_GAT_FC,1,2
1456,BiLSTM_GAT_FC,2,2
1457,BiLSTM_GAT_FC,2,2
1458,BiLSTM_GAT_FC,2,2
1459,BiLSTM_GAT_FC,2,2
1460,BiLSTM_GAT_FC,2,2
1461,BiLSTM_GAT_FC,2,2
1462,BiLSTM_GAT_FC,3,2
1463,BiLSTM_GAT_FC,1,2
1464,BiLSTM_GAT_FC,2,2
1465,BiLSTM_GAT_FC,2,2
1466,BiLSTM_GAT_FC,3,2
1467,BiLSTM_GAT_FC,4,2
1468,BiLSTM_GAT_FC,3,2
1469,BiLSTM_GAT_FC,2,2
1470,BiLSTM_GAT_FC,3,2
1471,BiLSTM_GAT_FC,2,2
1472,BiLSTM_GAT_FC,0,2
1473,BiLSTM_GAT_FC,1,2
1474,BiLSTM_GAT_FC,2,2
1475,BiLSTM_GAT_FC,2,2
1476,BiLSTM_GAT_FC,1,2
1477,BiLSTM_GAT_FC,3,2
1478,BiLSTM_GAT_FC,1,2
1479,BiLSTM_GAT_FC,5,2
1480,BiLSTM_GAT_FC,2,2
1481,BiLSTM_GAT_FC,1,2
1482,BiLSTM_GAT_FC,2,2
1483,BiLSTM_GAT_FC,2,2
1484,BiLSTM_GAT_FC,3,2
1485,BiLSTM_GAT_FC,1,2
1486,BiLSTM_GAT_FC,1,2
1487,BiLSTM_GAT_FC,1,2
1488,BiLSTM_GAT_FC,1,2
1489,BiLSTM_GAT_FC,3,2
1490,BiLSTM_GAT_FC,2,2
1491,BiLSTM_GAT_FC,3,2
1492,BiLSTM_GAT_FC,1,2
1493,BiLSTM_GAT_FC,3,2
1494,BiLSTM_GAT_FC,2,2
1495,BiLSTM_GAT_FC,1,2
1496,BiLSTM_GAT_FC,1,2
1497,BiLSTM_GAT_FC,2,2
1498,BiLSTM_GAT_FC,1,2
1499,BiLSTM_GAT_FC,1,2
1500,BiLSTM_GAT_FC,1,2
1501,BiLSTM_GAT_FC,5,2
1502,BiLSTM_GAT_FC,2,2
1503,BiLSTM_GAT_FC,2,2
1504,BiLSTM_GAT_FC,3,2
1505,BiLSTM_GAT_FC,3,2
1506,BiLSTM_GAT_FC,2,2
1507,BiLSTM_GAT_FC,2,2
1508,BiLSTM_GAT_FC,1,2
1509,BiLSTM_GAT_FC,2,2
1510,BiLSTM_GAT_FC,4,2
1511,BiLSTM_GAT_FC,3,2
1512,BiLSTM_GAT_FC,2,2
1513,BiLSTM_GAT_FC,1,2
1514,BiLSTM_GAT_FC,1,2
1515,BiLSTM_GAT_FC,0,2
1516,BiLSTM_GAT_FC,2,2
1517,BiLSTM_GAT_FC,0,2
1518,BiLSTM_GAT_FC,3,2
1519,BiLSTM_GAT_FC,1,2
1520,BiLSTM_GAT_FC,2,2
1521,BiLSTM_GAT_FC,0,2
1522,BiLSTM_GAT_FC,2,2
1523,BiLSTM_GAT_FC,2,2
1524,BiLSTM_GAT_FC,4,2
1525,BiLSTM_GAT_FC,2,2
1526,BiLSTM_GAT_FC,2,2
1527,BiLSTM_GAT_FC,3,2
1528,BiLSTM_GAT_FC,2,2
1529,BiLSTM_GAT_FC,1,2
1530,BiLSTM_GAT_FC,2,2
1531,BiLSTM_GAT_FC,4,2
1532,BiLSTM_GAT_FC,2,2
1533,BiLSTM_GAT_FC,2,2
1534,BiLSTM_GAT_FC,3,2
1535,BiLSTM_GAT_FC,3,2
1536,BiLSTM_GAT_FC,2,2
1537,BiLSTM_GAT_FC,4,2
1538,BiLSTM_GAT_FC,3,2
1539,BiLSTM_GAT_FC,3,2
1540,BiLSTM_GAT_FC,2,2
1541,BiLSTM_GAT_FC,2,2
1542,BiLSTM_GAT_FC,2,2
1543,BiLSTM_GAT_FC,3,2
1544,BiLSTM_GAT_FC,2,2
1545,BiLSTM_GAT_FC,1,2
1546,BiLSTM_GAT_FC,2,2
1547,BiLSTM_GAT_FC,3,2
1548,BiLSTM_GAT_FC,1,2
1549,BiLSTM_GAT_FC,1,2
1550,BiLSTM_GAT_FC,1,2
1551,BiLSTM_GAT_FC,0,2
1552,BiLSTM_GAT_FC,0,2
1553,BiLSTM_GAT_FC,1,2
1554,BiLSTM_GAT_FC,3,2
1555,BiLSTM_GAT_FC,2,2
1556,BiLSTM_GAT_FC,2,2
1557,BiLSTM_GAT_FC,3,2
1558,BiLSTM_GAT_FC,1,2
1559,BiLSTM_GAT_FC,2,2
1560,BiLSTM_GAT_FC,2,2
1561,BiLSTM_GAT_FC,2,2
1562,BiLSTM_GAT_FC,2,2
1563,BiLSTM_GAT_FC,1,2
1564,BiLSTM_GAT_FC,2,2
1565,BiLSTM_GAT_FC,2,2
1566,BiLSTM_GAT_FC,3,2
1567,BiLSTM_GAT_FC,3,2
1568,BiLSTM_GAT_FC,4,2
1569,BiLSTM_GAT_FC,2,2
1570,BiLSTM_GAT_FC,3,2
1571,BiLSTM_GAT_FC,2,2
1572,BiLSTM_GAT_FC,1,2
1573,BiLSTM_GAT_FC,0,2
1574,BiLSTM_GAT_FC,1,2
1575,BiLSTM_GAT_FC,2,2
1576,BiLSTM_GAT_FC,3,2
1577,BiLSTM_GAT_FC,1,2
1578,BiLSTM_GAT_FC,1,2
1579,BiLSTM_GAT_FC,1,2
1580,BiLSTM_GAT_FC,1,2
1581,BiLSTM_GAT_FC,3,2
1582,BiLSTM_GAT_FC,1,2
1583,BiLSTM_GAT_FC,1,2
1584,BiLSTM_GAT_FC,2,2
1585,BiLSTM_GAT_FC,3,2
1586,BiLSTM_GAT_FC,4,2
1587,BiLSTM_GAT_FC,1,2
1588,BiLSTM_GAT_FC,3,2
1589,BiLSTM_GAT_FC,2,2
1590,BiLSTM_GAT_FC,1,2
1591,BiLSTM_GAT_FC,2,2
1592,BiLSTM_GAT_FC,2,2
1593,BiLSTM_GAT_FC,4,2
1594,BiLSTM_GAT_FC,3,2
1595,BiLSTM_GAT_FC,2,2
1596,BiLSTM_GAT_FC,3,2
1597,BiLSTM_GAT_FC,1,2
1598,BiLSTM_GAT_FC,3,2
1599,BiLSTM_GAT_FC,3,2
1600,BiLSTM_GAT_FC,1,2
1601,BiLSTM_GAT_FC,3,2
1602,BiLSTM_GAT_FC,2,2
1603,BiLSTM_GAT_FC,3,2
1604,BiLSTM_GAT_FC,3,2
1605,BiLSTM_GAT_FC,3,2
1606,BiLSTM_GAT_FC,1,2
1607,BiLSTM_GAT_FC,2,2
1608,BiLSTM_GAT_FC,3,2
1609,BiLSTM_GAT_FC,1,2
1610,BiLSTM_GAT_FC,1,2
1611,BiLSTM_GAT_FC,2,2
1612,BiLSTM_GAT_FC,2,2
1613,BiLSTM_GAT_FC,4,2
1614,BiLSTM_GAT_FC,3,2
1615,BiLSTM_GAT_FC,1,2
1616,BiLSTM_GAT_FC,1,2
1617,BiLSTM_GAT_FC,3,2
1618,BiLSTM_GAT_FC,3,2
1619,BiLSTM_GAT_FC,3,2
1620,BiLSTM_GAT_FC,2,2
1621,BiLSTM_GAT_FC,2,2
1622,BiLSTM_GAT_FC,2,2
1623,BiLSTM_GAT_FC,1,2
1624,BiLSTM_GAT_FC,1,2
1625,BiLSTM_GAT_FC,3,2
1626,BiLSTM_GAT_FC,0,2
1627,BiLSTM_GAT_FC,2,2
1628,BiLSTM_GAT_FC,1,2
1629,BiLSTM_GAT_FC,2,2
1630,BiLSTM_GAT_FC,3,2
1631,BiLSTM_GAT_FC,3,2
1632,BiLSTM_GAT_FC,4,2
1633,BiLSTM_GAT_FC,1,2
1634,BiLSTM_GAT_FC,2,2
1635,BiLSTM_GAT_FC,1,2
1636,BiLSTM_GAT_FC,2,2
1637,BiLSTM_GAT_FC,1,2
1638,BiLSTM_GAT_FC,2,2
1639,BiLSTM_GAT_FC,2,2
1640,BiLSTM_GAT_FC,2,2
1641,BiLSTM_GAT_FC,1,2
1642,BiLSTM_GAT_FC,0,2
1643,BiLSTM_GAT_FC,0,2
1644,BiLSTM_GAT_FC,0,2
1645,BiLSTM_GAT_FC,1,2
1646,BiLSTM_GAT_FC,2,2
1647,BiLSTM_GAT_FC,4,2
1648,BiLSTM_GAT_FC,1,2
1649,BiLSTM_GAT_FC,2,2
1650,BiLSTM_GAT_FC,1,2
1651,BiLSTM_GAT_FC,2,2
1652,BiLSTM_GAT_FC,2,2
1653,BiLSTM_GAT_FC,1,2
1654,BiLSTM_GAT_FC,2,2
1655,BiLSTM_GAT_FC,1,2
1656,BiLSTM_GAT_FC,2,2
1657,BiLSTM_GAT_FC,1,2
1658,BiLSTM_GAT_FC,1,2
1659,BiLSTM_GAT_FC,1,2
1660,BiLSTM_GAT_FC,1,2
1661,BiLSTM_GAT_FC,1,2
1662,BiLSTM_GAT_FC,3,2
1663,BiLSTM_GAT_FC,2,2
1664,BiLSTM_GAT_FC,3,2
1665,BiLSTM_GAT_FC,1,2
1666,BiLSTM_GAT_FC,1,2
1667,BiLSTM_GAT_FC,3,2
1668,BiLSTM_GAT_FC,1,2
1669,BiLSTM_GAT_FC,1,2
1670,BiLSTM_GAT_FC,2,2
1671,BiLSTM_GAT_FC,1,2
1672,BiLSTM_GAT_FC,1,2
1673,BiLSTM_GAT_FC,3,2
1674,BiLSTM_GAT_FC,3,2
1675,BiLSTM_GAT_FC,1,2
1676,BiLSTM_GAT_FC,0,2
1677,BiLSTM_GAT_FC,3,2
1678,BiLSTM_GAT_FC,2,2
1679,BiLSTM_GAT_FC,1,2
1680,BiLSTM_GAT_FC,2,2
1681,BiLSTM_GAT_FC,2,2
1682,BiLSTM_GAT_FC,1,2
1683,BiLSTM_GAT_FC,3,2
1684,BiLSTM_GAT_FC,4,2
1685,BiLSTM_GAT_FC,3,2
1686,BiLSTM_GAT_FC,3,2
1687,BiLSTM_GAT_FC,2,2
1688,BiLSTM_GAT_FC,2,2
1689,BiLSTM_GAT_FC,1,2
1690,BiLSTM_GAT_FC,0,2
1691,BiLSTM_GAT_FC,2,2
1692,BiLSTM_GAT_FC,1,2
1693,BiLSTM_GAT_FC,1,2
1694,BiLSTM_GAT_FC,2,2
1695,BiLSTM_GAT_FC,3,2
1696,BiLSTM_GAT_FC,3,2
1697,BiLSTM_GAT_FC,2,2
1698,BiLSTM_GAT_FC,2,2
1699,BiLSTM_GAT_FC,2,2
1700,BiLSTM_GAT_FC,1,2
1701,BiLSTM_GAT_FC,1,2
1702,BiLSTM_GAT_FC,1,2
1703,BiLSTM_GAT_FC,0,2
1704,BiLSTM_GAT_FC,0,2
1705,BiLSTM_GAT_FC,2,2
1706,BiLSTM_GAT_FC,1,2
1707,BiLSTM_GAT_FC,1,2
1708,BiLSTM_GAT_FC,0,2
1709,BiLSTM_GAT_FC,1,2
1710,BiLSTM_GAT_FC,1,2
1711,BiLSTM_GAT_FC,4,2
1712,BiLSTM_GAT_FC,3,2
1713,BiLSTM_GAT_FC,1,2
1714,BiLSTM_GAT_FC,2,2
1715,BiLSTM_GAT_FC,1,2
1716,BiLSTM_GAT_FC,3,2
1717,BiLSTM_GAT_FC,1,2
1718,BiLSTM_GAT_FC,3,2
1719,BiLSTM_GAT_FC,1,2
1720,BiLSTM_GAT_FC,0,2
1721,BiLSTM_GAT_FC,1,2
1722,BiLSTM_GAT_FC,2,2
1723,BiLSTM_GAT_FC,2,2
1724,BiLSTM_GAT_FC,4,2
1725,BiLSTM_GAT_FC,2,2
1726,BiLSTM_GAT_FC,2,2
1727,BiLSTM_GAT_FC,0,2
1728,BiLSTM_GAT_FC,2,2
1729,BiLSTM_GAT_FC,1,2
1730,BiLSTM_GAT_FC,1,2
1731,BiLSTM_GAT_FC,0,2
1732,BiLSTM_GAT_FC,0,2
1733,BiLSTM_GAT_FC,2,2
1734,BiLSTM_GAT_FC,0,2
1735,BiLSTM_GAT_FC,1,2
1736,BiLSTM_GAT_FC,2,2
1737,BiLSTM_GAT_FC,1,2
1738,BiLSTM_GAT_FC,2,2
1739,BiLSTM_GAT_FC,1,2
1740,BiLSTM_GAT_FC,2,2
1741,BiLSTM_GAT_FC,4,2
1742,BiLSTM_GAT_FC,2,2
1743,BiLSTM_GAT_FC,1,2
1744,BiLSTM_GAT_FC,3,2
1745,BiLSTM_GAT_FC,1,2
1746,BiLSTM_GAT_FC,0,2
1747,BiLSTM_GAT_FC,3,2
1748,BiLSTM_GAT_FC,2,2
1749,BiLSTM_GAT_FC,3,2
1750,BiLSTM_GAT_FC,2,2
1751,BiLSTM_GAT_FC,0,2
1752,BiLSTM_GAT_FC,1,2
1753,BiLSTM_GAT_FC,2,2
1754,BiLSTM_GAT_FC,2,2
1755,BiLSTM_GAT_FC,2,2
1756,BiLSTM_GAT_FC,0,2
1757,BiLSTM_GAT_FC,2,2
1758,BiLSTM_GAT_FC,1,2
1759,BiLSTM_GAT_FC,0,2
1760,BiLSTM_GAT_FC,2,2
1761,BiLSTM_GAT_FC,3,2
1762,BiLSTM_GAT_FC,2,2
1763,BiLSTM_GAT_FC,2,2
1764,BiLSTM_GAT_FC,1,2
1765,BiLSTM_GAT_FC,2,2
1766,BiLSTM_GAT_FC,2,2
1767,BiLSTM_GAT_FC,3,2
1768,BiLSTM_GAT_FC,1,2
1769,BiLSTM_GAT_FC,0,2
1770,BiLSTM_GAT_FC,2,2
1771,BiLSTM_GAT_FC,1,2
1772,BiLSTM_GAT_FC,2,2
1773,BiLSTM_GAT_FC,2,2
1774,BiLSTM_GAT_FC,1,2
1775,BiLSTM_GAT_FC,1,2
1776,BiLSTM_GAT_FC,1,2
1777,BiLSTM_GAT_FC,1,2
1778,BiLSTM_GAT_FC,2,2
1779,BiLSTM_GAT_FC,2,2
1780,BiLSTM_GAT_FC,0,2
1781,BiLSTM_GAT_FC,2,2
1782,BiLSTM_GAT_FC,2,2
1783,BiLSTM_GAT_FC,1,2
1784,BiLSTM_GAT_FC,2,2
1785,BiLSTM_GAT_FC,4,2
1786,BiLSTM_GAT_FC,1,2
1787,BiLSTM_GAT_FC,3,2
1788,BiLSTM_GAT_FC,2,2
1789,BiLSTM_GAT_FC,2,2
1790,BiLSTM_GAT_FC,1,2
1791,BiLSTM_GAT_FC,1,2
1792,BiLSTM_GAT_FC,4,2
1793,BiLSTM_GAT_FC,2,2
1794,BiLSTM_GAT_FC,2,2
1795,BiLSTM_GAT_FC,2,2
1796,BiLSTM_GAT_FC,2,2
1797,BiLSTM_GAT_FC,4,2
1798,BiLSTM_GAT_FC,1,2
1799,BiLSTM_GAT_FC,1,2
1800,BiLSTM_GAT_FC,2,2
1801,BiLSTM_GAT_FC,1,2
1802,BiLSTM_GAT_FC,1,2
1803,BiLSTM_GAT_FC,3,2
1804,BiLSTM_GAT_FC,4,2
1805,BiLSTM_GAT_FC,1,2
1806,BiLSTM_GAT_FC,2,2
1807,BiLSTM_GAT_FC,5,2
1808,BiLSTM_GAT_FC,4,2
1809,BiLSTM_GAT_FC,1,2
1810,BiLSTM_GAT_FC,3,2
1811,BiLSTM_GAT_FC,2,2
1812,BiLSTM_GAT_FC,3,2
1813,BiLSTM_GAT_FC,2,2
1814,BiLSTM_GAT_FC,1,2
1815,BiLSTM_GAT_FC,2,2
1816,BiLSTM_GAT_FC,2,2
1817,BiLSTM_GAT_FC,2,2
1818,BiLSTM_GAT_FC,1,2
1819,BiLSTM_GAT_FC,0,2
1820,BiLSTM_GAT_FC,0,2
1821,BiLSTM_GAT_FC,2,2
1822,BiLSTM_GAT_FC,0,2
1823,BiLSTM_GAT_FC,1,2
1824,BiLSTM_GAT_FC,3,2
1825,BiLSTM_GAT_FC,2,2
1826,BiLSTM_GAT_FC,3,2
1827,BiLSTM_GAT_FC,2,2
1828,BiLSTM_GAT_FC,2,2
1829,BiLSTM_GAT_FC,1,2
1830,BiLSTM_GAT_FC,3,2
1831,BiLSTM_GAT_FC,2,2
1832,BiLSTM_GAT_FC,1,2
1833,BiLSTM_GAT_FC,3,2
1834,BiLSTM_GAT_FC,1,2
1835,BiLSTM_GAT_FC,1,2
1836,BiLSTM_GAT_FC,0,2
1837,BiLSTM_GAT_FC,3,2
1838,BiLSTM_GAT_FC,4,2
1839,BiLSTM_GAT_FC,3,2
1840,BiLSTM_GAT_FC,2,2
1841,BiLSTM_GAT_FC,2,2
1842,BiLSTM_GAT_FC,3,2
1843,BiLSTM_GAT_FC,3,2
1844,BiLSTM_GAT_FC,3,2
1845,BiLSTM_GAT_FC,3,2
1846,BiLSTM_GAT_FC,2,2
1847,BiLSTM_GAT_FC,3,2
1848,BiLSTM_GAT_FC,2,2
1849,BiLSTM_GAT_FC,1,2
1850,BiLSTM_GAT_FC,3,2
1851,BiLSTM_GAT_FC,3,2
1852,BiLSTM_GAT_FC,2,2
1853,BiLSTM_GAT_FC,1,2
1854,BiLSTM_GAT_FC,1,2
1855,BiLSTM_GAT_FC,2,2
1856,BiLSTM_GAT_FC,3,2
1857,BiLSTM_GAT_FC,2,2
1858,BiLSTM_GAT_FC,1,2
1859,BiLSTM_GAT_FC,1,2
1860,BiLSTM_GAT_FC,0,2
1861,BiLSTM_GAT_FC,2,2
1862,BiLSTM_GAT_FC,4,2
1863,BiLSTM_GAT_FC,2,2
1864,BiLSTM_GAT_FC,1,2
1865,BiLSTM_GAT_FC,1,2
1866,BiLSTM_GAT_FC,3,2
1867,BiLSTM_GAT_FC,0,2
1868,BiLSTM_GAT_FC,0,2
1869,BiLSTM_GAT_FC,3,2
1870,BiLSTM_GAT_FC,2,2
1871,BiLSTM_GAT_FC,2,2
1872,BiLSTM_GAT_FC,2,2
1873,BiLSTM_GAT_FC,2,2
1874,BiLSTM_GAT_FC,2,2
1875,BiLSTM_GAT_FC,2,2
1876,BiLSTM_GAT_FC,1,2
1877,BiLSTM_GAT_FC,3,2
1878,BiLSTM_GAT_FC,0,2
1879,BiLSTM_GAT_FC,3,2
1880,BiLSTM_GAT_FC,5,2
1881,BiLSTM_GAT_FC,3,2
1882,BiLSTM_GAT_FC,1,2
1883,BiLSTM_GAT_FC,3,2
1884,BiLSTM_GAT_FC,3,2
1885,BiLSTM_GAT_FC,1,2
1886,BiLSTM_GAT_FC,3,2
1887,BiLSTM_GAT_FC,1,2
1888,BiLSTM_GAT_FC,1,2
1889,BiLSTM_GAT_FC,1,2
1890,BiLSTM_GAT_FC,2,2
1891,BiLSTM_GAT_FC,4,2
1892,BiLSTM_GAT_FC,1,2
1893,BiLSTM_GAT_FC,2,2
1894,BiLSTM_GAT_FC,2,2
1895,BiLSTM_GAT_FC,4,2
1896,BiLSTM_GAT_FC,3,2
1897,BiLSTM_GAT_FC,1,2
1898,BiLSTM_GAT_FC,2,2
1899,BiLSTM_GAT_FC,3,2
1900,BiLSTM_GAT_FC,1,2
1901,BiLSTM_GAT_FC,3,2
1902,BiLSTM_GAT_FC,1,2
1903,BiLSTM_GAT_FC,1,2
1904,BiLSTM_GAT_FC,1,2
1905,BiLSTM_GAT_FC,1,2
1906,BiLSTM_GAT_FC,1,2
1907,BiLSTM_GAT_FC,2,2
1908,BiLSTM_GAT_FC,3,2
1909,BiLSTM_GAT_FC,3,2
1910,BiLSTM_GAT_FC,1,2
1911,BiLSTM_GAT_FC,3,2
1912,BiLSTM_GAT_FC,1,2
1913,BiLSTM_GAT_FC,2,2
1914,BiLSTM_GAT_FC,2,2
1915,BiLSTM_GAT_FC,1,2
1916,BiLSTM_GAT_FC,3,2
1917,BiLSTM_GAT_FC,2,2
1918,BiLSTM_GAT_FC,3,2
1919,BiLSTM_GAT_FC,0,2
1920,BiLSTM_GAT_FC,2,2
1921,BiLSTM_GAT_FC,1,2
1922,BiLSTM_GAT_FC,1,2
1923,BiLSTM_GAT_FC,3,2
1924,BiLSTM_GAT_FC,3,2
1925,BiLSTM_GAT_FC,3,2
1926,BiLSTM_GAT_FC,1,2
1927,BiLSTM_GAT_FC,4,2
1928,BiLSTM_GAT_FC,1,2
1929,BiLSTM_GAT_FC,2,2
1930,BiLSTM_GAT_FC,2,2
1931,BiLSTM_GAT_FC,3,2
1932,BiLSTM_GAT_FC,1,2
1933,BiLSTM_GAT_FC,0,2
1934,BiLSTM_GAT_FC,1,2
1935,BiLSTM_GAT_FC,1,2
1936,BiLSTM_GAT_FC,1,2
1937,BiLSTM_GAT_FC,1,2
1938,BiLSTM_GAT_FC,2,2
1939,BiLSTM_GAT_FC,1,2
1940,BiLSTM_GAT_FC,2,2
1941,BiLSTM_GAT_FC,2,2
1942,BiLSTM_GAT_FC,1,2
1943,BiLSTM_GAT_FC,2,2
1944,BiLSTM_GAT_FC,2,2
1945,BiLSTM_GAT_FC,3,2
1946,BiLSTM_GAT_FC,2,2
1947,BiLSTM_GAT_FC,3,2
1948,BiLSTM_GAT_FC,3,2
1949,BiLSTM_GAT_FC,2,2
1950,BiLSTM_GAT_FC,1,2
1951,BiLSTM_GAT_FC,1,2
1952,BiLSTM_GAT_FC,3,2
1953,BiLSTM_GAT_FC,2,2
1954,BiLSTM_GAT_FC,1,2
1955,BiLSTM_GAT_FC,1,2
1956,BiLSTM_GAT_FC,1,2
1957,BiLSTM_GAT_FC,3,2
1958,BiLSTM_GAT_FC,0,2
1959,BiLSTM_GAT_FC,1,2
1960,BiLSTM_GAT_FC,4,2
1961,BiLSTM_GAT_FC,1,2
1962,BiLSTM_GAT_FC,1,2
1963,BiLSTM_GAT_FC,1,2
1964,BiLSTM_GAT_FC,0,2
1965,BiLSTM_GAT_FC,1,2
1966,BiLSTM_GAT_FC,2,2
1967,BiLSTM_GAT_FC,2,2
1968,BiLSTM_GAT_FC,2,2
1969,BiLSTM_GAT_FC,2,2
1970,BiLSTM_GAT_FC,2,2
1971,BiLSTM_GAT_FC,2,2
1972,BiLSTM_GAT_FC,2,2
1973,BiLSTM_GAT_FC,1,2
1974,BiLSTM_GAT_FC,3,2
1975,BiLSTM_GAT_FC,3,2
1976,BiLSTM_GAT_FC,1,2
1977,BiLSTM_GAT_FC,0,2
1978,BiLSTM_GAT_FC,1,2
1979,BiLSTM_GAT_FC,2,2
1980,BiLSTM_GAT_FC,2,2
1981,BiLSTM_GAT_FC,3,2
1982,BiLSTM_GAT_FC,1,2
1983,BiLSTM_GAT_FC,1,2
1984,BiLSTM_GAT_FC,2,2
1985,BiLSTM_GAT_FC,2,2
1986,BiLSTM_GAT_FC,4,2
1987,BiLSTM_GAT_FC,3,2
1988,BiLSTM_GAT_FC,2,2
1989,BiLSTM_GAT_FC,3,2
1990,BiLSTM_GAT_FC,2,2
1991,BiLSTM_GAT_FC,0,2
1992,BiLSTM_GAT_FC,0,2
1993,BiLSTM_GAT_FC,1,2
1994,BiLSTM_GAT_FC,2,2
1995,BiLSTM_GAT_FC,2,2
1996,BiLSTM_GAT_FC,3,2
1997,BiLSTM_GAT_FC,2,2
1998,BiLSTM_GAT_FC,0,2
1999,BiLSTM_GAT_FC,2,2
2000,BiLSTM_GAT_FC,1,2
2001,BiLSTM_GAT_FC,3,2
2002,BiLSTM_GAT_FC,4,2
2003,BiLSTM_GAT_FC,3,2
2004,BiLSTM_GAT_FC,1,2
2005,BiLSTM_GAT_FC,2,2
2006,BiLSTM_GAT_FC,2,2
2007,BiLSTM_GAT_FC,1,2
2008,BiLSTM_GAT_FC,3,2
2009,BiLSTM_GAT_FC,1,2
2010,BiLSTM_GAT_FC,1,2
2011,BiLSTM_GAT_FC,3,2
2012,BiLSTM_GAT_FC,2,2
2013,BiLSTM_GAT_FC,2,2
2014,BiLSTM_GAT_FC,2,2
2015,BiLSTM_GAT_FC,2,2
2016,BiLSTM_GAT_FC,2,2
2017,BiLSTM_GAT_FC,2,2
2018,BiLSTM_GAT_FC,0,2
2019,BiLSTM_GAT_FC,2,2
2020,BiLSTM_GAT_FC,2,2
2021,BiLSTM_GAT_FC,1,2
2022,BiLSTM_GAT_FC,1,2
2023,BiLSTM_GAT_FC,1,2
2024,BiLSTM_GAT_FC,2,2
2025,BiLSTM_GAT_FC,1,2
2026,BiLSTM_GAT_FC,1,2
2027,BiLSTM_GAT_FC,0,2
2028,BiLSTM_GAT_FC,1,2
2029,BiLSTM_GAT_FC,0,2
2030,BiLSTM_GAT_FC,2,2
2031,BiLSTM_GAT_FC,0,2
2032,BiLSTM_GAT_FC,1,2
2033,BiLSTM_GAT_FC,4,2
2034,BiLSTM_GAT_FC,3,2
2035,BiLSTM_GAT_FC,2,2
2036,BiLSTM_GAT_FC,1,2
2037,BiLSTM_GAT_FC,1,2
2038,BiLSTM_GAT_FC,3,2
2039,BiLSTM_GAT_FC,2,2
2040,BiLSTM_GAT_FC,0,2
2041,BiLSTM_GAT_FC,3,2
2042,BiLSTM_GAT_FC,2,2
2043,BiLSTM_GAT_FC,1,2
2044,BiLSTM_GAT_FC,3,2
2045,BiLSTM_GAT_FC,3,2
2046,BiLSTM_GAT_FC,2,2
2047,BiLSTM_GAT_FC,3,2
2048,BiLSTM_GAT_FC,2,2
2049,BiLSTM_GAT_FC,1,2
2050,BiLSTM_GAT_FC,1,2
2051,BiLSTM_GAT_FC,1,2
2052,BiLSTM_GAT_FC,2,2
2053,BiLSTM_GAT_FC,2,2
2054,BiLSTM_GAT_FC,0,2
2055,BiLSTM_GAT_FC,2,2
2056,BiLSTM_GAT_FC,0,2
2057,BiLSTM_GAT_FC,2,2
2058,BiLSTM_GAT_FC,2,2
2059,BiLSTM_GAT_FC,2,2
2060,BiLSTM_GAT_FC,2,2
2061,BiLSTM_GAT_FC,2,2
2062,BiLSTM_GAT_FC,2,2
2063,BiLSTM_GAT_FC,2,2
2064,BiLSTM_GAT_FC,0,2
2065,BiLSTM_GAT_FC,1,2
2066,BiLSTM_GAT_FC,1,2
2067,BiLSTM_GAT_FC,2,2
2068,BiLSTM_GAT_FC,0,2
2069,BiLSTM_GAT_FC,3,2
2070,BiLSTM_GAT_FC,1,2
2071,BiLSTM_GAT_FC,3,2
2072,BiLSTM_GAT_FC,1,2
2073,BiLSTM_GAT_FC,1,2
2074,BiLSTM_GAT_FC,1,2
2075,BiLSTM_GAT_FC,1,2
2076,BiLSTM_GAT_FC,2,2
2077,BiLSTM_GAT_FC,2,2
2078,BiLSTM_GAT_FC,1,2
2079,BiLSTM_GAT_FC,1,2
2080,BiLSTM_GAT_FC,2,2
2081,BiLSTM_GAT_FC,4,2
2082,BiLSTM_GAT_FC,3,2
2083,BiLSTM_GAT_FC,3,2
2084,BiLSTM_GAT_FC,2,2
2085,BiLSTM_GAT_FC,1,2
2086,BiLSTM_GAT_FC,1,2
2087,BiLSTM_GAT_FC,1,2
2088,BiLSTM_GAT_FC,3,2
2089,BiLSTM_GAT_FC,4,2
2090,BiLSTM_GAT_FC,2,2
2091,BiLSTM_GAT_FC,3,2
2092,BiLSTM_GAT_FC,3,2
2093,BiLSTM_GAT_FC,1,2
2094,BiLSTM_GAT_FC,1,2
2095,BiLSTM_GAT_FC,5,2
2096,BiLSTM_GAT_FC,0,2
2097,BiLSTM_GAT_FC,2,2
2098,BiLSTM_GAT_FC,0,2
2099,BiLSTM_GAT_FC,2,2
2100,BiLSTM_GAT_FC,4,2
2101,BiLSTM_GAT_FC,3,2
2102,BiLSTM_GAT_FC,2,2
2103,BiLSTM_GAT_FC,1,2
2104,BiLSTM_GAT_FC,2,2
2105,BiLSTM_GAT_FC,5,2
2106,BiLSTM_GAT_FC,2,2
2107,BiLSTM_GAT_FC,2,2
2108,BiLSTM_GAT_FC,1,2
2109,BiLSTM_GAT_FC,2,2
2110,BiLSTM_GAT_FC,3,2
2111,BiLSTM_GAT_FC,1,2
2112,BiLSTM_GAT_FC,1,2
2113,BiLSTM_GAT_FC,2,2
2114,BiLSTM_GAT_FC,1,2
2115,BiLSTM_GAT_FC,2,2
2116,BiLSTM_GAT_FC,3,2
2117,BiLSTM_GAT_FC,2,2
2118,BiLSTM_GAT_FC,2,2
2119,BiLSTM_GAT_FC,2,2
2120,BiLSTM_GAT_FC,2,2
2121,BiLSTM_GAT_FC,2,2
2122,BiLSTM_GAT_FC,3,2
2123,BiLSTM_GAT_FC,3,2
2124,BiLSTM_GAT_FC,2,2
2125,BiLSTM_GAT_FC,2,2
2126,BiLSTM_GAT_FC,1,2
2127,BiLSTM_GAT_FC,4,2
2128,BiLSTM_GAT_FC,0,2
2129,BiLSTM_GAT_FC,1,2
2130,BiLSTM_GAT_FC,1,2
2131,BiLSTM_GAT_FC,3,2
2132,BiLSTM_GAT_FC,3,2
2133,BiLSTM_GAT_FC,2,2
2134,BiLSTM_GAT_FC,4,2
2135,BiLSTM_GAT_FC,2,2
2136,BiLSTM_GAT_FC,2,2
2137,BiLSTM_GAT_FC,2,2
2138,BiLSTM_GAT_FC,1,2
2139,BiLSTM_GAT_FC,3,2
2140,BiLSTM_GAT_FC,3,2
2141,BiLSTM_GAT_FC,1,2
2142,BiLSTM_GAT_FC,1,2
2143,BiLSTM_GAT_FC,0,2
2144,BiLSTM_GAT_FC,2,2
2145,BiLSTM_GAT_FC,2,2
2146,BiLSTM_GAT_FC,2,2
2147,BiLSTM_GAT_FC,3,2
2148,BiLSTM_GAT_FC,4,2
2149,BiLSTM_GAT_FC,0,2
2150,BiLSTM_GAT_FC,3,2
2151,BiLSTM_GAT_FC,2,2
2152,BiLSTM_GAT_FC,2,2
2153,BiLSTM_GAT_FC,1,2
2154,BiLSTM_GAT_FC,2,2
2155,BiLSTM_GAT_FC,3,2
2156,BiLSTM_GAT_FC,2,2
2157,BiLSTM_GAT_FC,1,2
2158,BiLSTM_GAT_FC,2,2
2159,BiLSTM_GAT_FC,0,2
2160,BiLSTM_GAT_FC,2,2
2161,BiLSTM_GAT_FC,2,2
2162,BiLSTM_GAT_FC,1,2
2163,BiLSTM_GAT_FC,1,2
2164,BiLSTM_GAT_FC,1,2
2165,BiLSTM_GAT_FC,2,2
2166,BiLSTM_GAT_FC,2,2
2167,BiLSTM_GAT_FC,2,2
2168,BiLSTM_GAT_FC,4,2
2169,BiLSTM_GAT_FC,2,2
2170,BiLSTM_GAT_FC,0,2
2171,BiLSTM_GAT_FC,3,2
2172,BiLSTM_GAT_FC,1,2
2173,BiLSTM_GAT_FC,1,2
2174,BiLSTM_GAT_FC,4,2
2175,BiLSTM_GAT_FC,4,2
2176,BiLSTM_GAT_FC,2,2
2177,BiLSTM_GAT_FC,2,2
2178,BiLSTM_GAT_FC,3,2
2179,BiLSTM_GAT_FC,3,2
2180,BiLSTM_GAT_FC,1,2
2181,BiLSTM_GAT_FC,2,2
2182,BiLSTM_GAT_FC,3,2
2183,BiLSTM_GAT_FC,4,2
2184,BiLSTM_GAT_FC,3,2
2185,BiLSTM_GAT_FC,1,2
2186,BiLSTM_GAT_FC,1,2
2187,BiLSTM_GAT_FC,2,2
2188,BiLSTM_GAT_FC,1,2
2189,BiLSTM_GAT_FC,1,2
2190,BiLSTM_GAT_FC,2,2
2191,BiLSTM_GAT_FC,3,2
2192,BiLSTM_GAT_FC,3,2
2193,BiLSTM_GAT_FC,2,2
2194,BiLSTM_GAT_FC,2,2
2195,BiLSTM_GAT_FC,3,2
2196,BiLSTM_GAT_FC,1,2
2197,BiLSTM_GAT_FC,1,2
2198,BiLSTM_GAT_FC,1,2
2199,BiLSTM_GAT_FC,3,2
2200,BiLSTM_GAT_FC,2,2
2201,BiLSTM_GAT_FC,2,2
2202,BiLSTM_GAT_FC,1,2
2203,BiLSTM_GAT_FC,1,2
2204,BiLSTM_GAT_FC,2,2
2205,BiLSTM_GAT_FC,3,2
2206,BiLSTM_GAT_FC,2,2
2207,BiLSTM_GAT_FC,1,2
2208,BiLSTM_GAT_FC,2,2
2209,BiLSTM_GAT_FC,1,2
2210,BiLSTM_GAT_FC,1,2
2211,BiLSTM_GAT_FC,4,2
2212,BiLSTM_GAT_FC,0,2
2213,BiLSTM_GAT_FC,2,2
2214,BiLSTM_GAT_FC,2,2
2215,BiLSTM_GAT_FC,3,2
2216,BiLSTM_GAT_FC,0,2
2217,BiLSTM_GAT_FC,3,2
2218,BiLSTM_GAT_FC,2,2
2219,BiLSTM_GAT_FC,1,2
2220,BiLSTM_GAT_FC,2,2
2221,BiLSTM_GAT_FC,1,2
2222,BiLSTM_GAT_FC,2,2
2223,BiLSTM_GAT_FC,1,2
2224,BiLSTM_GAT_FC,0,2
2225,BiLSTM_GAT_FC,3,2
2226,BiLSTM_GAT_FC,1,2
2227,BiLSTM_GAT_FC,1,2
2228,BiLSTM_GAT_FC,1,2
2229,BiLSTM_GAT_FC,1,2
2230,BiLSTM_GAT_FC,3,2
2231,BiLSTM_GAT_FC,1,2
2232,BiLSTM_GAT_FC,2,2
2233,BiLSTM_GAT_FC,2,2
2234,BiLSTM_GAT_FC,1,2
2235,BiLSTM_GAT_FC,1,2
2236,BiLSTM_GAT_FC,3,2
2237,BiLSTM_GAT_FC,2,2
2238,BiLSTM_GAT_FC,3,2
2239,BiLSTM_GAT_FC,3,2
2240,BiLSTM_GAT_FC,2,2
2241,BiLSTM_GAT_FC,3,2
2242,BiLSTM_GAT_FC,1,2
2243,BiLSTM_GAT_FC,3,2
2244,BiLSTM_GAT_FC,3,2
2245,BiLSTM_GAT_FC,2,2
2246,BiLSTM_GAT_FC,3,2
2247,BiLSTM_GAT_FC,1,2
2248,BiLSTM_GAT_FC,1,2
2249,BiLSTM_GAT_FC,0,2
2250,BiLSTM_GAT_FC,3,2
2251,BiLSTM_GAT_FC,3,2
2252,BiLSTM_GAT_FC,2,2
2253,BiLSTM_GAT_FC,1,2
2254,BiLSTM_GAT_FC,3,2
2255,BiLSTM_GAT_FC,1,2
2256,BiLSTM_GAT_FC,3,2
2257,BiLSTM_GAT_FC,1,2
2258,BiLSTM_GAT_FC,2,2
2259,BiLSTM_GAT_FC,1,2
2260,BiLSTM_GAT_FC,0,2
2261,BiLSTM_GAT_FC,4,2
2262,BiLSTM_GAT_FC,2,2
2263,BiLSTM_GAT_FC,1,2
2264,BiLSTM_GAT_FC,2,2
2265,BiLSTM_GAT_FC,2,2
2266,BiLSTM_GAT_FC,1,2
2267,BiLSTM_GAT_FC,2,2
2268,BiLSTM_GAT_FC,1,2
2269,BiLSTM_GAT_FC,0,2
2270,BiLSTM_GAT_FC,2,2
2271,BiLSTM_GAT_FC,1,2
2272,BiLSTM_GAT_FC,2,2
2273,BiLSTM_GAT_FC,1,2
2274,BiLSTM_GAT_FC,3,2
2275,BiLSTM_GAT_FC,1,2
2276,BiLSTM_GAT_FC,2,2
2277,BiLSTM_GAT_FC,3,2
2278,BiLSTM_GAT_FC,0,2
2279,BiLSTM_GAT_FC,0,2
2280,BiLSTM_GAT_FC,1,2
2281,BiLSTM_GAT_FC,1,2
2282,BiLSTM_GAT_FC,2,2
2283,BiLSTM_GAT_FC,0,2
2284,BiLSTM_GAT_FC,1,2
2285,BiLSTM_GAT_FC,3,2
2286,BiLSTM_GAT_FC,2,2
2287,BiLSTM_GAT_FC,3,2
2288,BiLSTM_GAT_FC,2,2
2289,BiLSTM_GAT_FC,1,2
2290,BiLSTM_GAT_FC,1,2
2291,BiLSTM_GAT_FC,2,2
2292,BiLSTM_GAT_FC,1,2
2293,BiLSTM_GAT_FC,1,2
2294,BiLSTM_GAT_FC,3,2
2295,BiLSTM_GAT_FC,1,2
2296,BiLSTM_GAT_FC,1,2
2297,BiLSTM_GAT_FC,1,2
2298,BiLSTM_GAT_FC,3,2
2299,BiLSTM_GAT_FC,2,2
2300,BiLSTM_GAT_FC,2,2
2301,BiLSTM_GAT_FC,2,2
2302,BiLSTM_GAT_FC,3,2
2303,BiLSTM_GAT_FC,1,2
2304,BiLSTM_GAT_FC,0,2
2305,BiLSTM_GAT_FC,2,2
2306,BiLSTM_GAT_FC,0,2
2307,BiLSTM_GAT_FC,1,2
2308,BiLSTM_GAT_FC,2,2
2309,BiLSTM_GAT_FC,2,2
2310,BiLSTM_GAT_FC,3,2
2311,BiLSTM_GAT_FC,0,2
2312,BiLSTM_GAT_FC,2,2
2313,BiLSTM_GAT_FC,3,2
2314,BiLSTM_GAT_FC,1,2
2315,BiLSTM_GAT_FC,2,2
2316,BiLSTM_GAT_FC,2,2
2317,BiLSTM_GAT_FC,3,2
2318,BiLSTM_GAT_FC,2,2
2319,BiLSTM_GAT_FC,1,2
2320,BiLSTM_GAT_FC,1,2
2321,BiLSTM_GAT_FC,1,2
2322,BiLSTM_GAT_FC,2,2
2323,BiLSTM_GAT_FC,2,2
2324,BiLSTM_GAT_FC,4,2
2325,BiLSTM_GAT_FC,3,2
2326,BiLSTM_GAT_FC,2,2
2327,BiLSTM_GAT_FC,1,2
2328,BiLSTM_GAT_FC,2,2
2329,BiLSTM_GAT_FC,3,2
2330,BiLSTM_GAT_FC,1,2
2331,BiLSTM_GAT_FC,1,2
2332,BiLSTM_GAT_FC,0,2
2333,BiLSTM_GAT_FC,0,2
2334,BiLSTM_GAT_FC,1,2
2335,BiLSTM_GAT_FC,1,2
2336,BiLSTM_GAT_FC,3,2
2337,BiLSTM_GAT_FC,2,2
2338,BiLSTM_GAT_FC,3,2
2339,BiLSTM_GAT_FC,4,2
2340,BiLSTM_GAT_FC,3,2
2341,BiLSTM_GAT_FC,1,2
2342,BiLSTM_GAT_FC,0,2
2343,BiLSTM_GAT_FC,1,2
2344,BiLSTM_GAT_FC,1,2
2345,BiLSTM_GAT_FC,2,2
2346,BiLSTM_GAT_FC,2,2
2347,BiLSTM_GAT_FC,2,2
2348,BiLSTM_GAT_FC,3,2
2349,BiLSTM_GAT_FC,0,2
2350,BiLSTM_GAT_FC,1,2
2351,BiLSTM_GAT_FC,2,2
2352,BiLSTM_GAT_FC,2,2
2353,BiLSTM_GAT_FC,2,2
2354,BiLSTM_GAT_FC,2,2
2355,BiLSTM_GAT_FC,1,2
2356,BiLSTM_GAT_FC,1,2
2357,BiLSTM_GAT_FC,0,2
2358,BiLSTM_GAT_FC,2,2
2359,BiLSTM_GAT_FC,0,2
2360,BiLSTM_GAT_FC,1,2
2361,BiLSTM_GAT_FC,3,2
2362,BiLSTM_GAT_FC,0,2
2363,BiLSTM_GAT_FC,1,2
2364,BiLSTM_GAT_FC,2,2
2365,BiLSTM_GAT_FC,2,2
2366,BiLSTM_GAT_FC,1,2
2367,BiLSTM_GAT_FC,2,2
2368,BiLSTM_GAT_FC,2,2
2369,BiLSTM_GAT_FC,3,2
2370,BiLSTM_GAT_FC,2,2
2371,BiLSTM_GAT_FC,4,2
2372,BiLSTM_GAT_FC,1,2
2373,BiLSTM_GAT_FC,3,2
2374,BiLSTM_GAT_FC,2,2
2375,BiLSTM_GAT_FC,1,2
2376,BiLSTM_GAT_FC,3,2
2377,BiLSTM_GAT_FC,3,2
2378,BiLSTM_GAT_FC,0,2
2379,BiLSTM_GAT_FC,2,2
2380,BiLSTM_GAT_FC,3,2
2381,BiLSTM_GAT_FC,3,2
2382,BiLSTM_GAT_FC,4,2
2383,BiLSTM_GAT_FC,1,2
2384,BiLSTM_GAT_FC,2,2
2385,BiLSTM_GAT_FC,2,2
2386,BiLSTM_GAT_FC,3,2
2387,BiLSTM_GAT_FC,1,2
2388,BiLSTM_GAT_FC,2,2
2389,BiLSTM_GAT_FC,1,2
2390,BiLSTM_GAT_FC,2,2
2391,BiLSTM_GAT_FC,2,2
2392,BiLSTM_GAT_FC,1,2
2393,BiLSTM_GAT_FC,0,2
2394,BiLSTM_GAT_FC,3,2
2395,BiLSTM_GAT_FC,2,2
2396,BiLSTM_GAT_FC,3,2
2397,BiLSTM_GAT_FC,1,2
2398,BiLSTM_GAT_FC,4,2
2399,BiLSTM_GAT_FC,2,2
2400,BiLSTM_GAT_FC,0,2
2401,BiLSTM_GAT_FC,2,2
2402,BiLSTM_GAT_FC,0,2
2403,BiLSTM_GAT_FC,1,2
2404,BiLSTM_GAT_FC,1,2
2405,BiLSTM_GAT_FC,3,2
2406,BiLSTM_GAT_FC,2,2
2407,BiLSTM_GAT_FC,1,2
2408,BiLSTM_GAT_FC,1,2
2409,BiLSTM_GAT_FC,1,2
2410,BiLSTM_GAT_FC,4,2
2411,BiLSTM_GAT_FC,2,2
2412,BiLSTM_GAT_FC,2,2
2413,BiLSTM_GAT_FC,2,2
2414,BiLSTM_GAT_FC,2,2
2415,BiLSTM_GAT_FC,2,2
2416,BiLSTM_GAT_FC,2,2
2417,BiLSTM_GAT_FC,3,2
2418,BiLSTM_GAT_FC,4,2
2419,BiLSTM_GAT_FC,3,2
2420,BiLSTM_GAT_FC,2,2
2421,BiLSTM_GAT_FC,2,2
2422,BiLSTM_GAT_FC,2,2
2423,BiLSTM_GAT_FC,2,2
2424,BiLSTM_GAT_FC,2,2
2425,BiLSTM_GAT_FC,3,2
2426,BiLSTM_GAT_FC,3,2
2427,BiLSTM_GAT_FC,3,2
2428,BiLSTM_GAT_FC,4,2
2429,BiLSTM_GAT_FC,3,2
2430,BiLSTM_GAT_FC,1,2
2431,BiLSTM_GAT_FC,2,2
2432,BiLSTM_GAT_FC,1,2
2433,BiLSTM_GAT_FC,2,2
2434,BiLSTM_GAT_FC,2,2
2435,BiLSTM_GAT_FC,1,2
2436,BiLSTM_GAT_FC,1,2
2437,BiLSTM_GAT_FC,1,2
2438,BiLSTM_GAT_FC,1,2
2439,BiLSTM_GAT_FC,0,2
2440,BiLSTM_GAT_FC,0,2
2441,BiLSTM_GAT_FC,1,2
2442,BiLSTM_GAT_FC,0,2
2443,BiLSTM_GAT_FC,2,2
2444,BiLSTM_GAT_FC,1,2
2445,BiLSTM_GAT_FC,3,2
2446,BiLSTM_GAT_FC,0,2
2447,BiLSTM_GAT_FC,3,2
2448,BiLSTM_GAT_FC,3,2
2449,BiLSTM_GAT_FC,3,2
2450,BiLSTM_GAT_FC,2,2
2451,BiLSTM_GAT_FC,2,2
2452,BiLSTM_GAT_FC,2,2
2453,BiLSTM_GAT_FC,1,2
2454,BiLSTM_GAT_FC,2,2
2455,BiLSTM_GAT_FC,1,2
2456,BiLSTM_GAT_FC,2,2
2457,BiLSTM_GAT_FC,1,2
2458,BiLSTM_GAT_FC,2,2
2459,BiLSTM_GAT_FC,2,2
2460,BiLSTM_GAT_FC,1,2
2461,BiLSTM_GAT_FC,1,2
2462,BiLSTM_GAT_FC,0,2
2463,BiLSTM_GAT_FC,2,2
2464,BiLSTM_GAT_FC,3,2
2465,BiLSTM_GAT_FC,3,2
2466,BiLSTM_GAT_FC,4,2
2467,BiLSTM_GAT_FC,0,2
2468,BiLSTM_GAT_FC,2,2
2469,BiLSTM_GAT_FC,3,2
2470,BiLSTM_GAT_FC,3,2
2471,BiLSTM_GAT_FC,5,2
2472,BiLSTM_GAT_FC,2,2
2473,BiLSTM_GAT_FC,1,2
2474,BiLSTM_GAT_FC,3,2
2475,BiLSTM_GAT_FC,1,2
2476,BiLSTM_GAT_FC,5,2
2477,BiLSTM_GAT_FC,4,2
2478,BiLSTM_GAT_FC,1,2
2479,BiLSTM_GAT_FC,1,2
2480,BiLSTM_GAT_FC,2,2
2481,BiLSTM_GAT_FC,2,2
2482,BiLSTM_GAT_FC,1,2
2483,BiLSTM_GAT_FC,1,2
2484,BiLSTM_GAT_FC,3,2
2485,BiLSTM_GAT_FC,2,2
2486,BiLSTM_GAT_FC,2,2
2487,BiLSTM_GAT_FC,2,2
2488,BiLSTM_GAT_FC,4,2
2489,BiLSTM_GAT_FC,1,2
2490,BiLSTM_GAT_FC,2,2
2491,BiLSTM_GAT_FC,3,2
2492,BiLSTM_GAT_FC,3,2
2493,BiLSTM_GAT_FC,1,2
2494,BiLSTM_GAT_FC,1,2
2495,BiLSTM_GAT_FC,4,2
2496,BiLSTM_GAT_FC,1,2
2497,BiLSTM_GAT_FC,1,2
2498,BiLSTM_GAT_FC,3,2
2499,BiLSTM_GAT_FC,1,2
2500,BiLSTM_GAT_FC,1,2
2501,BiLSTM_GAT_FC,3,2
2502,BiLSTM_GAT_FC,1,2
2503,BiLSTM_GAT_FC,1,2
2504,BiLSTM_GAT_FC,3,2
2505,BiLSTM_GAT_FC,2,2
2506,BiLSTM_GAT_FC,3,2
2507,BiLSTM_GAT_FC,2,2
2508,BiLSTM_GAT_FC,3,2
2509,BiLSTM_GAT_FC,1,2
2510,BiLSTM_GAT_FC,3,2
2511,BiLSTM_GAT_FC,3,2
2512,BiLSTM_GAT_FC,1,2
2513,BiLSTM_GAT_FC,1,2
2514,BiLSTM_GAT_FC,3,2
2515,BiLSTM_GAT_FC,2,2
2516,BiLSTM_GAT_FC,1,2
2517,BiLSTM_GAT_FC,4,2
2518,BiLSTM_GAT_FC,0,2
2519,BiLSTM_GAT_FC,2,2
2520,BiLSTM_GAT_FC,3,2
2521,BiLSTM_GAT_FC,2,2
2522,BiLSTM_GAT_FC,1,2
2523,BiLSTM_GAT_FC,2,2
2524,BiLSTM_GAT_FC,1,2
2525,BiLSTM_GAT_FC,1,2
2526,BiLSTM_GAT_FC,2,2
2527,BiLSTM_GAT_FC,4,2
2528,BiLSTM_GAT_FC,3,2
2529,BiLSTM_GAT_FC,3,2
2530,BiLSTM_GAT_FC,1,2
2531,BiLSTM_GAT_FC,1,2
2532,BiLSTM_GAT_FC,1,2
2533,BiLSTM_GAT_FC,0,2
2534,BiLSTM_GAT_FC,0,2
2535,BiLSTM_GAT_FC,1,2
2536,BiLSTM_GAT_FC,1,2
2537,BiLSTM_GAT_FC,2,2
2538,BiLSTM_GAT_FC,3,2
2539,BiLSTM_GAT_FC,1,2
2540,BiLSTM_GAT_FC,3,2
2541,BiLSTM_GAT_FC,1,2
2542,BiLSTM_GAT_FC,2,2
2543,BiLSTM_GAT_FC,2,2
2544,BiLSTM_GAT_FC,1,2
2545,BiLSTM_GAT_FC,1,2
2546,BiLSTM_GAT_FC,2,2
2547,BiLSTM_GAT_FC,3,2
2548,BiLSTM_GAT_FC,2,2
2549,BiLSTM_GAT_FC,2,2
2550,BiLSTM_GAT_FC,2,2
2551,BiLSTM_GAT_FC,2,2
2552,BiLSTM_GAT_FC,1,2
2553,BiLSTM_GAT_FC,3,2
2554,BiLSTM_GAT_FC,1,2
2555,BiLSTM_GAT_FC,1,2
2556,BiLSTM_GAT_FC,2,2
2557,BiLSTM_GAT_FC,1,2
2558,BiLSTM_GAT_FC,2,2
2559,BiLSTM_GAT_FC,1,2
2560,BiLSTM_GAT_FC,1,2
2561,BiLSTM_GAT_FC,1,2
2562,BiLSTM_GAT_FC,3,2
2563,BiLSTM_GAT_FC,1,2
2564,BiLSTM_GAT_FC,2,2
2565,BiLSTM_GAT_FC,1,2
2566,BiLSTM_GAT_FC,1,2
2567,BiLSTM_GAT_FC,2,2
2568,BiLSTM_GAT_FC,2,2
2569,BiLSTM_GAT_FC,3,2
2570,BiLSTM_GAT_FC,2,2
2571,BiLSTM_GAT_FC,2,2
2572,BiLSTM_GAT_FC,2,2
2573,BiLSTM_GAT_FC,3,2
2574,BiLSTM_GAT_FC,3,2
2575,BiLSTM_GAT_FC,1,2
2576,BiLSTM_GAT_FC,2,2
2577,BiLSTM_GAT_FC,1,2
2578,BiLSTM_GAT_FC,2,2
2579,BiLSTM_GAT_FC,1,2
2580,BiLSTM_GAT_FC,2,2
2581,BiLSTM_GAT_FC,0,2
2582,BiLSTM_GAT_FC,3,2
2583,BiLSTM_GAT_FC,1,2
2584,BiLSTM_GAT_FC,4,2
2585,BiLSTM_GAT_FC,2,2
2586,BiLSTM_GAT_FC,2,2
2587,BiLSTM_GAT_FC,2,2
2588,BiLSTM_GAT_FC,2,2
2589,BiLSTM_GAT_FC,1,2
2590,BiLSTM_GAT_FC,1,2
2591,BiLSTM_GAT_FC,1,2
2592,BiLSTM_GAT_FC,0,2
2593,BiLSTM_GAT_FC,1,2
2594,BiLSTM_GAT_FC,0,2
2595,BiLSTM_GAT_FC,1,2
2596,BiLSTM_GAT_FC,1,2
2597,BiLSTM_GAT_FC,2,2
2598,BiLSTM_GAT_FC,1,2
2599,BiLSTM_GAT_FC,1,2
2600,BiLSTM_GAT_FC,2,2
2601,BiLSTM_GAT_FC,3,2
2602,BiLSTM_GAT_FC,1,2
2603,BiLSTM_GAT_FC,1,2
2604,BiLSTM_GAT_FC,2,2
2605,BiLSTM_GAT_FC,1,2
2606,BiLSTM_GAT_FC,2,2
2607,BiLSTM_GAT_FC,1,2
2608,BiLSTM_GAT_FC,0,2
2609,BiLSTM_GAT_FC,2,2
2610,BiLSTM_GAT_FC,2,2
2611,BiLSTM_GAT_FC,2,2
2612,BiLSTM_GAT_FC,3,2
2613,BiLSTM_GAT_FC,0,2
2614,BiLSTM_GAT_FC,3,2
2615,BiLSTM_GAT_FC,3,2
2616,BiLSTM_GAT_FC,2,2
2617,BiLSTM_GAT_FC,0,2
2618,BiLSTM_GAT_FC,1,2
2619,BiLSTM_GAT_FC,1,2
2620,BiLSTM_GAT_FC,1,2
2621,BiLSTM_GAT_FC,2,2
2622,BiLSTM_GAT_FC,0,2
2623,BiLSTM_GAT_FC,2,2
2624,BiLSTM_GAT_FC,0,2
2625,BiLSTM_GAT_FC,2,2
2626,BiLSTM_GAT_FC,2,2
2627,BiLSTM_GAT_FC,4,2
2628,BiLSTM_GAT_FC,2,2
2629,BiLSTM_GAT_FC,2,2
2630,BiLSTM_GAT_FC,3,2
2631,BiLSTM_GAT_FC,1,2
2632,BiLSTM_GAT_FC,3,2
2633,BiLSTM_GAT_FC,0,2
2634,BiLSTM_GAT_FC,3,2
2635,BiLSTM_GAT_FC,3,2
2636,BiLSTM_GAT_FC,2,2
2637,BiLSTM_GAT_FC,2,2
2638,BiLSTM_GAT_FC,3,2
2639,BiLSTM_GAT_FC,2,2
2640,BiLSTM_GAT_FC,3,2
2641,BiLSTM_GAT_FC,2,2
2642,BiLSTM_GAT_FC,1,2
2643,BiLSTM_GAT_FC,3,2
2644,BiLSTM_GAT_FC,1,2
2645,BiLSTM_GAT_FC,2,2
2646,BiLSTM_GAT_FC,2,1
2647,BiLSTM_GAT_FC,1,1
2648,BiLSTM_GAT_FC,2,1
2649,BiLSTM_GAT_FC,2,1
2650,BiLSTM_GAT_FC,2,1
2651,BiLSTM_GAT_FC,1,1
2652,BiLSTM_GAT_FC,1,1
2653,BiLSTM_GAT_FC,1,1
2654,BiLSTM_GAT_FC,0,1
2655,BiLSTM_GAT_FC,2,1
2656,BiLSTM_GAT_FC,2,1
2657,BiLSTM_GAT_FC,1,1
2658,BiLSTM_GAT_FC,2,1
2659,BiLSTM_GAT_FC,1,1
2660,BiLSTM_GAT_FC,2,1
2661,BiLSTM_GAT_FC,3,1
2662,BiLSTM_GAT_FC,1,1
2663,BiLSTM_GAT_FC,3,1
2664,BiLSTM_GAT_FC,1,1
2665,BiLSTM_GAT_FC,2,1
2666,BiLSTM_GAT_FC,1,1
2667,BiLSTM_GAT_FC,2,1
2668,BiLSTM_GAT_FC,2,1
2669,BiLSTM_GAT_FC,2,1
2670,BiLSTM_GAT_FC,1,1
2671,BiLSTM_GAT_FC,2,1
2672,BiLSTM_GAT_FC,2,1
2673,BiLSTM_GAT_FC,2,1
2674,BiLSTM_GAT_FC,1,1
2675,BiLSTM_GAT_FC,2,1
2676,BiLSTM_GAT_FC,4,1
2677,BiLSTM_GAT_FC,2,1
2678,BiLSTM_GAT_FC,3,1
2679,BiLSTM_GAT_FC,1,1
2680,BiLSTM_GAT_FC,1,1
2681,BiLSTM_GAT_FC,2,1
2682,BiLSTM_GAT_FC,1,1
2683,BiLSTM_GAT_FC,3,1
2684,BiLSTM_GAT_FC,1,1
2685,BiLSTM_GAT_FC,0,1
2686,BiLSTM_GAT_FC,2,1
2687,BiLSTM_GAT_FC,2,1
2688,BiLSTM_GAT_FC,0,1
2689,BiLSTM_GAT_FC,2,1
2690,BiLSTM_GAT_FC,1,1
2691,BiLSTM_GAT_FC,1,1
2692,BiLSTM_GAT_FC,1,1
2693,BiLSTM_GAT_FC,2,1
2694,BiLSTM_GAT_FC,2,1
2695,BiLSTM_GAT_FC,2,1
2696,BiLSTM_GAT_FC,4,1
2697,BiLSTM_GAT_FC,4,1
2698,BiLSTM_GAT_FC,1,1
2699,BiLSTM_GAT_FC,3,1
2700,BiLSTM_GAT_FC,2,1
2701,BiLSTM_GAT_FC,3,1
2702,BiLSTM_GAT_FC,0,1
2703,BiLSTM_GAT_FC,1,1
2704,BiLSTM_GAT_FC,2,1
2705,BiLSTM_GAT_FC,0,1
2706,BiLSTM_GAT_FC,3,1
2707,BiLSTM_GAT_FC,0,1
2708,BiLSTM_GAT_FC,1,1
2709,BiLSTM_GAT_FC,3,1
2710,BiLSTM_GAT_FC,3,1
2711,BiLSTM_GAT_FC,1,1
2712,BiLSTM_GAT_FC,2,1
2713,BiLSTM_GAT_FC,3,1
2714,BiLSTM_GAT_FC,2,1
2715,BiLSTM_GAT_FC,3,1
2716,BiLSTM_GAT_FC,1,1
2717,BiLSTM_GAT_FC,2,1
2718,BiLSTM_GAT_FC,1,1
2719,BiLSTM_GAT_FC,4,1
2720,BiLSTM_GAT_FC,1,1
2721,BiLSTM_GAT_FC,4,2
2722,BiLSTM_GAT_FC,3,1
2723,BiLSTM_GAT_FC,2,1
2724,BiLSTM_GAT_FC,3,1
2725,BiLSTM_GAT_FC,3,1
2726,BiLSTM_GAT_FC,2,1
2727,BiLSTM_GAT_FC,3,1
2728,BiLSTM_GAT_FC,1,1
2729,BiLSTM_GAT_FC,3,1
2730,BiLSTM_GAT_FC,1,1
2731,BiLSTM_GAT_FC,4,1
2732,BiLSTM_GAT_FC,2,1
2733,BiLSTM_GAT_FC,2,1
2734,BiLSTM_GAT_FC,1,1
2735,BiLSTM_GAT_FC,0,1
2736,BiLSTM_GAT_FC,3,1
2737,BiLSTM_GAT_FC,3,1
2738,BiLSTM_GAT_FC,2,1
2739,BiLSTM_GAT_FC,2,1
2740,BiLSTM_GAT_FC,0,1
2741,BiLSTM_GAT_FC,0,1
2742,BiLSTM_GAT_FC,4,1
2743,BiLSTM_GAT_FC,3,1
2744,BiLSTM_GAT_FC,0,1
2745,BiLSTM_GAT_FC,3,1
2746,BiLSTM_GAT_FC,3,1
2747,BiLSTM_GAT_FC,3,1
2748,BiLSTM_GAT_FC,1,1
2749,BiLSTM_GAT_FC,1,1
2750,BiLSTM_GAT_FC,1,1
2751,BiLSTM_GAT_FC,1,1
2752,BiLSTM_GAT_FC,0,1
2753,BiLSTM_GAT_FC,2,1
2754,BiLSTM_GAT_FC,1,1
2755,BiLSTM_GAT_FC,2,1
2756,BiLSTM_GAT_FC,1,1
2757,BiLSTM_GAT_FC,3,1
2758,BiLSTM_GAT_FC,2,1
2759,BiLSTM_GAT_FC,4,1
2760,BiLSTM_GAT_FC,5,1
2761,BiLSTM_GAT_FC,3,1
2762,BiLSTM_GAT_FC,3,1
2763,BiLSTM_GAT_FC,2,1
2764,BiLSTM_GAT_FC,1,1
2765,BiLSTM_GAT_FC,4,1
2766,BiLSTM_GAT_FC,1,1
2767,BiLSTM_GAT_FC,1,1
2768,BiLSTM_GAT_FC,5,1
2769,BiLSTM_GAT_FC,2,1
2770,BiLSTM_GAT_FC,3,1
2771,BiLSTM_GAT_FC,4,1
2772,BiLSTM_GAT_FC,2,1
2773,BiLSTM_GAT_FC,4,1
2774,BiLSTM_GAT_FC,1,1
2775,BiLSTM_GAT_FC,2,1
2776,BiLSTM_GAT_FC,1,1
2777,BiLSTM_GAT_FC,2,1
2778,BiLSTM_GAT_FC,2,1
2779,BiLSTM_GAT_FC,3,1
2780,BiLSTM_GAT_FC,1,1
2781,BiLSTM_GAT_FC,1,1
2782,BiLSTM_GAT_FC,1,1
2783,BiLSTM_GAT_FC,3,1
2784,BiLSTM_GAT_FC,2,1
2785,BiLSTM_GAT_FC,1,1
2786,BiLSTM_GAT_FC,3,1
2787,BiLSTM_GAT_FC,3,1
2788,BiLSTM_GAT_FC,1,1
2789,BiLSTM_GAT_FC,1,1
2790,BiLSTM_GAT_FC,1,1
2791,BiLSTM_GAT_FC,2,1
2792,BiLSTM_GAT_FC,3,1
2793,BiLSTM_GAT_FC,3,1
2794,BiLSTM_GAT_FC,2,1
2795,BiLSTM_GAT_FC,1,1
2796,BiLSTM_GAT_FC,1,1
2797,BiLSTM_GAT_FC,2,1
2798,BiLSTM_GAT_FC,1,1
2799,BiLSTM_GAT_FC,2,1
2800,BiLSTM_GAT_FC,2,1
2801,BiLSTM_GAT_FC,1,1
2802,BiLSTM_GAT_FC,1,1
2803,BiLSTM_GAT_FC,1,1
2804,BiLSTM_GAT_FC,3,1
2805,BiLSTM_GAT_FC,1,1
2806,BiLSTM_GAT_FC,1,1
2807,BiLSTM_GAT_FC,3,1
2808,BiLSTM_GAT_FC,0,1
2809,BiLSTM_GAT_FC,2,1
2810,BiLSTM_GAT_FC,2,1
2811,BiLSTM_GAT_FC,1,1
2812,BiLSTM_GAT_FC,2,1
2813,BiLSTM_GAT_FC,1,1
2814,BiLSTM_GAT_FC,2,1
2815,BiLSTM_GAT_FC,2,1
2816,BiLSTM_GAT_FC,2,1
2817,BiLSTM_GAT_FC,1,1
2818,BiLSTM_GAT_FC,1,1
2819,BiLSTM_GAT_FC,0,1
2820,BiLSTM_GAT_FC,1,1
2821,BiLSTM_GAT_FC,1,1
2822,BiLSTM_GAT_FC,3,1
2823,BiLSTM_GAT_FC,3,1
2824,BiLSTM_GAT_FC,2,1
2825,BiLSTM_GAT_FC,1,1
2826,BiLSTM_GAT_FC,2,1
2827,BiLSTM_GAT_FC,2,1
2828,BiLSTM_GAT_FC,1,1
2829,BiLSTM_GAT_FC,3,1
2830,BiLSTM_GAT_FC,2,1
2831,BiLSTM_GAT_FC,3,1
2832,BiLSTM_GAT_FC,2,1
2833,BiLSTM_GAT_FC,1,1
2834,BiLSTM_GAT_FC,1,1
2835,BiLSTM_GAT_FC,1,1
2836,BiLSTM_GAT_FC,1,1
2837,BiLSTM_GAT_FC,2,1
2838,BiLSTM_GAT_FC,3,1
2839,BiLSTM_GAT_FC,1,1
2840,BiLSTM_GAT_FC,3,1
2841,BiLSTM_GAT_FC,3,1
2842,BiLSTM_GAT_FC,1,1
2843,BiLSTM_GAT_FC,1,1
2844,BiLSTM_GAT_FC,3,1
2845,BiLSTM_GAT_FC,2,1
2846,BiLSTM_GAT_FC,1,1
2847,BiLSTM_GAT_FC,1,1
2848,BiLSTM_GAT_FC,2,1
2849,BiLSTM_GAT_FC,3,1
2850,BiLSTM_GAT_FC,2,1
2851,BiLSTM_GAT_FC,2,1
2852,BiLSTM_GAT_FC,1,1
2853,BiLSTM_GAT_FC,2,1
2854,BiLSTM_GAT_FC,0,1
2855,BiLSTM_GAT_FC,3,1
2856,BiLSTM_GAT_FC,1,1
2857,BiLSTM_GAT_FC,3,1
2858,BiLSTM_GAT_FC,1,1
2859,BiLSTM_GAT_FC,2,1
2860,BiLSTM_GAT_FC,0,1
2861,BiLSTM_GAT_FC,1,1
2862,BiLSTM_GAT_FC,1,1
2863,BiLSTM_GAT_FC,2,1
2864,BiLSTM_GAT_FC,1,1
2865,BiLSTM_GAT_FC,3,1
2866,BiLSTM_GAT_FC,2,1
2867,BiLSTM_GAT_FC,2,1
2868,BiLSTM_GAT_FC,2,1
2869,BiLSTM_GAT_FC,2,1
2870,BiLSTM_GAT_FC,2,1
2871,BiLSTM_GAT_FC,0,1
2872,BiLSTM_GAT_FC,2,1
2873,BiLSTM_GAT_FC,1,1
2874,BiLSTM_GAT_FC,0,1
2875,BiLSTM_GAT_FC,0,1
2876,BiLSTM_GAT_FC,1,1
2877,BiLSTM_GAT_FC,2,1
2878,BiLSTM_GAT_FC,1,1
2879,BiLSTM_GAT_FC,3,1
2880,BiLSTM_GAT_FC,1,1
2881,BiLSTM_GAT_FC,2,1
2882,BiLSTM_GAT_FC,1,1
2883,BiLSTM_GAT_FC,1,1
2884,BiLSTM_GAT_FC,2,1
2885,BiLSTM_GAT_FC,2,1
2886,BiLSTM_GAT_FC,3,1
2887,BiLSTM_GAT_FC,4,1
2888,BiLSTM_GAT_FC,1,1
2889,BiLSTM_GAT_FC,3,1
2890,BiLSTM_GAT_FC,1,1
2891,BiLSTM_GAT_FC,2,1
2892,BiLSTM_GAT_FC,1,1
2893,BiLSTM_GAT_FC,0,1
2894,BiLSTM_GAT_FC,2,1
2895,BiLSTM_GAT_FC,2,1
2896,BiLSTM_GAT_FC,2,1
2897,BiLSTM_GAT_FC,3,1
2898,BiLSTM_GAT_FC,4,1
2899,BiLSTM_GAT_FC,2,1
2900,BiLSTM_GAT_FC,3,1
2901,BiLSTM_GAT_FC,0,1
2902,BiLSTM_GAT_FC,2,1
2903,BiLSTM_GAT_FC,1,1
2904,BiLSTM_GAT_FC,1,1
2905,BiLSTM_GAT_FC,3,1
2906,BiLSTM_GAT_FC,2,1
2907,BiLSTM_GAT_FC,3,1
2908,BiLSTM_GAT_FC,2,1
2909,BiLSTM_GAT_FC,2,1
2910,BiLSTM_GAT_FC,0,1
2911,BiLSTM_GAT_FC,2,1
2912,BiLSTM_GAT_FC,2,1
2913,BiLSTM_GAT_FC,0,1
2914,BiLSTM_GAT_FC,4,1
2915,BiLSTM_GAT_FC,2,1
2916,BiLSTM_GAT_FC,3,1
2917,BiLSTM_GAT_FC,3,1
2918,BiLSTM_GAT_FC,1,1
2919,BiLSTM_GAT_FC,2,1
2920,BiLSTM_GAT_FC,0,1
2921,BiLSTM_GAT_FC,1,1
2922,BiLSTM_GAT_FC,3,1
2923,BiLSTM_GAT_FC,0,1
2924,BiLSTM_GAT_FC,1,1
2925,BiLSTM_GAT_FC,3,1
2926,BiLSTM_GAT_FC,3,1
2927,BiLSTM_GAT_FC,2,1
2928,BiLSTM_GAT_FC,2,1
2929,BiLSTM_GAT_FC,2,1
2930,BiLSTM_GAT_FC,3,1
2931,BiLSTM_GAT_FC,2,1
2932,BiLSTM_GAT_FC,1,1
2933,BiLSTM_GAT_FC,1,1
2934,BiLSTM_GAT_FC,0,1
2935,BiLSTM_GAT_FC,2,1
2936,BiLSTM_GAT_FC,2,1
2937,BiLSTM_GAT_FC,2,1
2938,BiLSTM_GAT_FC,3,1
2939,BiLSTM_GAT_FC,2,1
